BEGIN TRANSACTION;

INSERT INTO "Code" ("id", "active", "name") VALUES (1, 1, "ISO 639-1");
INSERT INTO "Code" ("id", "active", "name") VALUES (2, 1, "ISO 639-2/B");
INSERT INTO "Code" ("id", "active", "name") VALUES (3, 1, "ISO 639-2/T");
INSERT INTO "Code" ("id", "active", "name") VALUES (4, 1, "ISO 639-3");
INSERT INTO "Code" ("id", "active", "name") VALUES (5, 1, "ISO 639-5");
INSERT INTO "Code" ("id", "active", "name") VALUES (6, 1, "Glottolog");
INSERT INTO "Code" ("id", "active", "name") VALUES (7, 1, "LCID");
INSERT INTO "Code" ("id", "active", "name") VALUES (8, 1, "IETF");
INSERT INTO "Code" ("id", "active", "name") VALUES (9, 1, "Linguasphere");
INSERT INTO "Code" ("id", "active", "name") VALUES (10, 1, "Linguist List");
INSERT INTO "Code" ("id", "active", "name") VALUES (11, 1, "Guthrie");
INSERT INTO "Code" ("id", "active", "name") VALUES (12, 1, "BCP 47");

INSERT INTO "CodeName" ("id", "active", "name", "code_id") VALUES (1, 1, "ISO 639-1", 1);
INSERT INTO "CodeName" ("id", "active", "name", "code_id") VALUES (2, 1, "alpha2", 1);
INSERT INTO "CodeName" ("id", "active", "name", "code_id") VALUES (3, 1, "ISO 639-2", 2);
INSERT INTO "CodeName" ("id", "active", "name", "code_id") VALUES (4, 1, "ISO 639-2/B", 2);
INSERT INTO "CodeName" ("id", "active", "name", "code_id") VALUES (5, 1, "ISO 639-2 Bibliographic", 2);
INSERT INTO "CodeName" ("id", "active", "name", "code_id") VALUES (6, 1, "aplha3", 2);
INSERT INTO "CodeName" ("id", "active", "name", "code_id") VALUES (7, 1, "aplha3-b", 2);
INSERT INTO "CodeName" ("id", "active", "name", "code_id") VALUES (8, 1, "ISO 639-2", 3);
INSERT INTO "CodeName" ("id", "active", "name", "code_id") VALUES (9, 1, "ISO 639-2 Terminologic", 3);
INSERT INTO "CodeName" ("id", "active", "name", "code_id") VALUES (10, 1, "aplha3", 3);
INSERT INTO "CodeName" ("id", "active", "name", "code_id") VALUES (11, 1, "aplha3-t", 3);
INSERT INTO "CodeName" ("id", "active", "name", "code_id") VALUES (12, 1, "ISO 639-3", 4);
INSERT INTO "CodeName" ("id", "active", "name", "code_id") VALUES (13, 1, "ISO 639-5", 5);
INSERT INTO "CodeName" ("id", "active", "name", "code_id") VALUES (14, 1, "Glottolog", 6);
INSERT INTO "CodeName" ("id", "active", "name", "code_id") VALUES (15, 1, "LCID", 7);
INSERT INTO "CodeName" ("id", "active", "name", "code_id") VALUES (16, 1, "Language Code Identifier", 7);
INSERT INTO "CodeName" ("id", "active", "name", "code_id") VALUES (17, 1, "IETF", 8);
INSERT INTO "CodeName" ("id", "active", "name", "code_id") VALUES (18, 1, "Internet Engineering Task Force", 8);
INSERT INTO "CodeName" ("id", "active", "name", "code_id") VALUES (19, 1, "IANA", 8);
INSERT INTO "CodeName" ("id", "active", "name", "code_id") VALUES (20, 1, "Internet Assigned Numbers Authority", 8);
INSERT INTO "CodeName" ("id", "active", "name", "code_id") VALUES (21, 1, "Unicode", 8);
INSERT INTO "CodeName" ("id", "active", "name", "code_id") VALUES (22, 1, "RFC 5646", 8);
INSERT INTO "CodeName" ("id", "active", "name", "code_id") VALUES (23, 1, "RFC 4646", 8);
INSERT INTO "CodeName" ("id", "active", "name", "code_id") VALUES (24, 1, "Linguasphere", 9);
INSERT INTO "CodeName" ("id", "active", "name", "code_id") VALUES (25, 1, "Linguist List", 10);
INSERT INTO "CodeName" ("id", "active", "name", "code_id") VALUES (26, 1, "Guthrie", 11);
INSERT INTO "CodeName" ("id", "active", "name", "code_id") VALUES (27, 1, "BCP 47", 12);
INSERT INTO "CodeName" ("id", "active", "name", "code_id") VALUES (28, 1, "IETF BCP 47", 12);





INSERT INTO "Language" ("id", "active", "name") VALUES (1, 1, "Galician");
INSERT INTO "Language" ("id", "active", "name") VALUES (2, 1, "English");
INSERT INTO "Language" ("id", "active", "name") VALUES (3, 1, "Castillian");
INSERT INTO "Language" ("id", "active", "name") VALUES (4, 1, "Latin");
INSERT INTO "Language" ("id", "active", "name") VALUES (5, 1, "Italian");
INSERT INTO "Language" ("id", "active", "name") VALUES (6, 1, "Russian");
INSERT INTO "Language" ("id", "active", "name") VALUES (7, 1, "Portuguese");
INSERT INTO "Language" ("id", "active", "name") VALUES (8, 1, "Basque");
INSERT INTO "Language" ("id", "active", "name") VALUES (9, 1, "Catalan");
INSERT INTO "Language" ("id", "active", "name") VALUES (10, 1, "French");
INSERT INTO "Language" ("id", "active", "name") VALUES (11, 1, "German");
INSERT INTO "Language" ("id", "active", "name") VALUES (12, 1, "Arabic");
INSERT INTO "Language" ("id", "active", "name") VALUES (13, 1, "Esperanto");
INSERT INTO "Language" ("id", "active", "name") VALUES (14, 1, "Zulu");
INSERT INTO "Language" ("id", "active", "name") VALUES (15, 1, "Xhosa");
INSERT INTO "Language" ("id", "active", "name") VALUES (16, 1, "Afrikaans");
INSERT INTO "Language" ("id", "active", "name") VALUES (17, 1, "Northern Sotho");
INSERT INTO "Language" ("id", "active", "name") VALUES (18, 1, "Tswana");
INSERT INTO "Language" ("id", "active", "name") VALUES (19, 1, "Southern Sotho");
INSERT INTO "Language" ("id", "active", "name") VALUES (20, 1, "Tsonga");
INSERT INTO "Language" ("id", "active", "name") VALUES (21, 1, "Swati");
INSERT INTO "Language" ("id", "active", "name") VALUES (22, 1, "Venda");
INSERT INTO "Language" ("id", "active", "name") VALUES (23, 1, "Scottish Gaelic");
INSERT INTO "Language" ("id", "active", "name") VALUES (24, 1, "Japanese");
INSERT INTO "Language" ("id", "active", "name") VALUES (25, 1, "Chinese");
INSERT INTO "Language" ("id", "active", "name") VALUES (26, 1, "Danish");
INSERT INTO "Language" ("id", "active", "name") VALUES (27, 1, "Kazakh");
INSERT INTO "Language" ("id", "active", "name") VALUES (28, 1, "Uzbek");
INSERT INTO "Language" ("id", "active", "name") VALUES (29, 1, "Persian");
INSERT INTO "Language" ("id", "active", "name") VALUES (30, 1, "Malay");
INSERT INTO "Language" ("id", "active", "name") VALUES (31, 1, "Luxembourgish");
INSERT INTO "Language" ("id", "active", "name") VALUES (32, 1, "Polish");
INSERT INTO "Language" ("id", "active", "name") VALUES (33, 1, "Irish");
INSERT INTO "Language" ("id", "active", "name") VALUES (34, 1, "Scots");
INSERT INTO "Language" ("id", "active", "name") VALUES (35, 1, "Welsh");
INSERT INTO "Language" ("id", "active", "name") VALUES (36, 1, "Albanian");
INSERT INTO "Language" ("id", "active", "name") VALUES (37, 1, "Norwegian");
INSERT INTO "Language" ("id", "active", "name") VALUES (38, 1, "Norwegian Bokmål");
INSERT INTO "Language" ("id", "active", "name") VALUES (39, 1, "Norwegian Nynorsk");
INSERT INTO "Language" ("id", "active", "name") VALUES (40, 1, "Northern Sami");
INSERT INTO "Language" ("id", "active", "name") VALUES (41, 1, "Southern Sami");
INSERT INTO "Language" ("id", "active", "name") VALUES (42, 1, "Lule Sami");
INSERT INTO "Language" ("id", "active", "name") VALUES (43, 1, "Maori");
INSERT INTO "Language" ("id", "active", "name") VALUES (44, 1, "Swahili");
INSERT INTO "Language" ("id", "active", "name") VALUES (45, 1, "Korean");
INSERT INTO "Language" ("id", "active", "name") VALUES (46, 1, "Hebrew");
INSERT INTO "Language" ("id", "active", "name") VALUES (47, 1, "Mapuche");
INSERT INTO "Language" ("id", "active", "name") VALUES (48, 1, "Aymara");
INSERT INTO "Language" ("id", "active", "name") VALUES (49, 1, "Quechua");
INSERT INTO "Language" ("id", "active", "name") VALUES (50, 1, "Rapanui");
INSERT INTO "Language" ("id", "active", "name") VALUES (51, 1, "Dutch");
INSERT INTO "Language" ("id", "active", "name") VALUES (52, 1, "Estonian");
INSERT INTO "Language" ("id", "active", "name") VALUES (53, 1, "Finnish");
INSERT INTO "Language" ("id", "active", "name") VALUES (54, 1, "Lithuanian");
INSERT INTO "Language" ("id", "active", "name") VALUES (55, 1, "Swedish");
INSERT INTO "Language" ("id", "active", "name") VALUES (56, 1, "Turkish");
INSERT INTO "Language" ("id", "active", "name") VALUES (57, 1, "Ukrainian");
INSERT INTO "Language" ("id", "active", "name") VALUES (58, 1, "Hungarian");
INSERT INTO "Language" ("id", "active", "name") VALUES (59, 1, "Romanian");
INSERT INTO "Language" ("id", "active", "name") VALUES (60, 1, "Berber languages");
INSERT INTO "Language" ("id", "active", "name") VALUES (61, 1, "Maltese");
INSERT INTO "Language" ("id", "active", "name") VALUES (62, 1, "Urdu");
INSERT INTO "Language" ("id", "active", "name") VALUES (63, 1, "Kurdish");
INSERT INTO "Language" ("id", "active", "name") VALUES (64, 1, "Hindi");
INSERT INTO "Language" ("id", "active", "name") VALUES (65, 1, "Bulgarian");
INSERT INTO "Language" ("id", "active", "name") VALUES (66, 1, "Czech");
INSERT INTO "Language" ("id", "active", "name") VALUES (67, 1, "Croatian");
INSERT INTO "Language" ("id", "active", "name") VALUES (68, 1, "Thai");
INSERT INTO "Language" ("id", "active", "name") VALUES (69, 1, "Indonesian");
INSERT INTO "Language" ("id", "active", "name") VALUES (70, 1, "Greek");
INSERT INTO "Language" ("id", "active", "name") VALUES (71, 1, "Vietnamese");
INSERT INTO "Language" ("id", "active", "name") VALUES (72, 1, "Filipino");
INSERT INTO "Language" ("id", "active", "name", "id_language") VALUES (73, 1, "Mandarin Chinese", 25);
INSERT INTO "Language" ("id", "active", "name", "id_language") VALUES (74, 1, "Traditional Chinese", 25);
INSERT INTO "Language" ("id", "active", "name", "id_language") VALUES (75, 1, "Simplified Chinese", 25);
INSERT INTO "Language" ("id", "active", "name") VALUES (76, 1, "Serbian");
INSERT INTO "Language" ("id", "active", "name", "id_language") VALUES (77, 1, "English (US)", 2);
INSERT INTO "Language" ("id", "active", "name") VALUES (78, 1, "Armenian");
INSERT INTO "Language" ("id", "active", "name", "id_language") VALUES (79, 1, "Eastern Armenian written in Latin script, as used in Italy", 78);
INSERT INTO "Language" ("id", "active", "name", "id_language") VALUES (80, 1, "Traditional Mandarin Chinese", 73);
INSERT INTO "Language" ("id", "active", "name", "id_language") VALUES (81, 1, "Simplified Mandarin Chinese", 73);
INSERT INTO "Language" ("id", "active", "name", "id_language") VALUES (82, 1, "American Castillian", 3);
INSERT INTO "Language" ("id", "active", "name", "id_language") VALUES (83, 1, "Canadian French", 10);



INSERT INTO "LanguageName" ("id", "active", "name", "id_language") VALUES (1, 1, "Galego", 1);
INSERT INTO "LanguageName" ("id", "active", "name", "id_language") VALUES (2, 1, "Galician", 1);
INSERT INTO "LanguageName" ("id", "active", "name", "id_language") VALUES (3, 1, "Gallego", 1);
INSERT INTO "LanguageName" ("id", "active", "name", "id_language") VALUES (4, 1, "Galicien", 1);
INSERT INTO "LanguageName" ("id", "active", "name", "id_language") VALUES (5, 1, "Galicisch", 1);
INSERT INTO "LanguageName" ("id", "active", "name", "id_language") VALUES (6, 1, "English", 2);
INSERT INTO "LanguageName" ("id", "active", "name", "id_language") VALUES (7, 1, "Inglés", 2);
INSERT INTO "LanguageName" ("id", "active", "name", "id_language") VALUES (8, 1, "Anglais", 2);
INSERT INTO "LanguageName" ("id", "active", "name", "id_language") VALUES (9, 1, "Englisch", 2);
INSERT INTO "LanguageName" ("id", "active", "name", "id_language") VALUES (10, 1, "Spanish", 3);
INSERT INTO "LanguageName" ("id", "active", "name", "id_language") VALUES (11, 1, "Castillian", 3);
INSERT INTO "LanguageName" ("id", "active", "name", "id_language") VALUES (12, 1, "Español", 3);
INSERT INTO "LanguageName" ("id", "active", "name", "id_language") VALUES (13, 1, "Espanhol", 3);
INSERT INTO "LanguageName" ("id", "active", "name", "id_language") VALUES (14, 1, "Castelán", 3);
INSERT INTO "LanguageName" ("id", "active", "name", "id_language") VALUES (15, 1, "Castellano", 3);
INSERT INTO "LanguageName" ("id", "active", "name", "id_language") VALUES (16, 1, "Espagnol", 3);
INSERT INTO "LanguageName" ("id", "active", "name", "id_language") VALUES (17, 1, "Spanisch", 3);
INSERT INTO "LanguageName" ("id", "active", "name", "id_language") VALUES (18, 1, "Latin", 4);
INSERT INTO "LanguageName" ("id", "active", "name", "id_language") VALUES (19, 1, "Latín", 4);
INSERT INTO "LanguageName" ("id", "active", "name", "id_language") VALUES (20, 1, "Latein", 4);
INSERT INTO "LanguageName" ("id", "active", "name", "id_language") VALUES (21, 1, "Italian", 5);
INSERT INTO "LanguageName" ("id", "active", "name", "id_language") VALUES (22, 1, "Italien", 5);
INSERT INTO "LanguageName" ("id", "active", "name", "id_language") VALUES (23, 1, "Italienisch", 5);
INSERT INTO "LanguageName" ("id", "active", "name", "id_language") VALUES (24, 1, "Italiano", 5);
INSERT INTO "LanguageName" ("id", "active", "name", "id_language") VALUES (25, 1, "Russian", 6);
INSERT INTO "LanguageName" ("id", "active", "name", "id_language") VALUES (26, 1, "Russe", 6);
INSERT INTO "LanguageName" ("id", "active", "name", "id_language") VALUES (27, 1, "Russisch", 6);
INSERT INTO "LanguageName" ("id", "active", "name", "id_language") VALUES (28, 1, "Ruso", 6);
INSERT INTO "LanguageName" ("id", "active", "name", "id_language") VALUES (29, 1, "Portuguese", 7);
INSERT INTO "LanguageName" ("id", "active", "name", "id_language") VALUES (30, 1, "Portugais", 7);
INSERT INTO "LanguageName" ("id", "active", "name", "id_language") VALUES (31, 1, "Portugiesisch", 7);
INSERT INTO "LanguageName" ("id", "active", "name", "id_language") VALUES (32, 1, "Portugués", 7);
INSERT INTO "LanguageName" ("id", "active", "name", "id_language") VALUES (33, 1, "Basque", 8);
INSERT INTO "LanguageName" ("id", "active", "name", "id_language") VALUES (34, 1, "Baskisch", 8);
INSERT INTO "LanguageName" ("id", "active", "name", "id_language") VALUES (35, 1, "Vasco", 8);
INSERT INTO "LanguageName" ("id", "active", "name", "id_language") VALUES (36, 1, "Catalan", 9);
INSERT INTO "LanguageName" ("id", "active", "name", "id_language") VALUES (37, 1, "Valencian", 9);
INSERT INTO "LanguageName" ("id", "active", "name", "id_language") VALUES (38, 1, "Valencien", 9);
INSERT INTO "LanguageName" ("id", "active", "name", "id_language") VALUES (39, 1, "Katalanisch", 9);
INSERT INTO "LanguageName" ("id", "active", "name", "id_language") VALUES (40, 1, "Catalán", 9);
INSERT INTO "LanguageName" ("id", "active", "name", "id_language") VALUES (41, 1, "Valenciano", 9);
INSERT INTO "LanguageName" ("id", "active", "name", "id_language") VALUES (42, 1, "French", 10);
INSERT INTO "LanguageName" ("id", "active", "name", "id_language") VALUES (43, 1, "Français", 10);
INSERT INTO "LanguageName" ("id", "active", "name", "id_language") VALUES (44, 1, "Französisch", 10);
INSERT INTO "LanguageName" ("id", "active", "name", "id_language") VALUES (45, 1, "Francés", 10);
INSERT INTO "LanguageName" ("id", "active", "name", "id_language") VALUES (46, 1, "German", 11);
INSERT INTO "LanguageName" ("id", "active", "name", "id_language") VALUES (47, 1, "Allemand", 11);
INSERT INTO "LanguageName" ("id", "active", "name", "id_language") VALUES (48, 1, "Deutsch", 11);
INSERT INTO "LanguageName" ("id", "active", "name", "id_language") VALUES (49, 1, "Alemán", 11);
INSERT INTO "LanguageName" ("id", "active", "name", "id_language") VALUES (50, 1, "Arabic", 12);
INSERT INTO "LanguageName" ("id", "active", "name", "id_language") VALUES (51, 1, "Arabe", 12);
INSERT INTO "LanguageName" ("id", "active", "name", "id_language") VALUES (52, 1, "Arabisch", 12);
INSERT INTO "LanguageName" ("id", "active", "name", "id_language") VALUES (53, 1, "Árabe", 12);
INSERT INTO "LanguageName" ("id", "active", "name", "id_language") VALUES (54, 1, "Esperanto", 13);
INSERT INTO "LanguageName" ("id", "active", "name", "id_language") VALUES (55, 1, "Espéranto", 13);
INSERT INTO "LanguageName" ("id", "active", "name", "id_language") VALUES (56, 1, "Zulu", 14);
INSERT INTO "LanguageName" ("id", "active", "name", "id_language") VALUES (57, 1, "Zoulou", 14);
INSERT INTO "LanguageName" ("id", "active", "name", "id_language") VALUES (58, 1, "Zulu-Sprache", 14);
INSERT INTO "LanguageName" ("id", "active", "name", "id_language") VALUES (59, 1, "Zulú", 14);
INSERT INTO "LanguageName" ("id", "active", "name", "id_language") VALUES (60, 1, "Xhosa", 15);
INSERT INTO "LanguageName" ("id", "active", "name", "id_language") VALUES (61, 1, "Xhosa-Sprache", 15);
INSERT INTO "LanguageName" ("id", "active", "name", "id_language") VALUES (62, 1, "Afrikaans", 16);
INSERT INTO "LanguageName" ("id", "active", "name", "id_language") VALUES (63, 1, "Afrikáans", 16);
INSERT INTO "LanguageName" ("id", "active", "name", "id_language") VALUES (64, 1, "Northern Sotho", 17);
INSERT INTO "LanguageName" ("id", "active", "name", "id_language") VALUES (65, 1, "Pedi", 17);
INSERT INTO "LanguageName" ("id", "active", "name", "id_language") VALUES (66, 1, "Sepedi", 17);
INSERT INTO "LanguageName" ("id", "active", "name", "id_language") VALUES (67, 1, "Sotho du Nord", 17);
INSERT INTO "LanguageName" ("id", "active", "name", "id_language") VALUES (68, 1, "Pedi-Sprache", 17);
INSERT INTO "LanguageName" ("id", "active", "name", "id_language") VALUES (69, 1, "Sotho do norte", 17);
INSERT INTO "LanguageName" ("id", "active", "name", "id_language") VALUES (70, 1, "Sotho del norte", 17);
INSERT INTO "LanguageName" ("id", "active", "name", "id_language") VALUES (71, 1, "Tswana", 18);
INSERT INTO "LanguageName" ("id", "active", "name", "id_language") VALUES (72, 1, "Tswana-Sprache", 18);
INSERT INTO "LanguageName" ("id", "active", "name", "id_language") VALUES (73, 1, "Southern Sotho", 19);
INSERT INTO "LanguageName" ("id", "active", "name", "id_language") VALUES (74, 1, "Sotho du Sud", 19);
INSERT INTO "LanguageName" ("id", "active", "name", "id_language") VALUES (75, 1, "Süd-Sotho-Sprache", 19);
INSERT INTO "LanguageName" ("id", "active", "name", "id_language") VALUES (76, 1, "Sotho do sur", 19);
INSERT INTO "LanguageName" ("id", "active", "name", "id_language") VALUES (77, 1, "Sotho del sur", 19);
INSERT INTO "LanguageName" ("id", "active", "name", "id_language") VALUES (78, 1, "Tsonga", 20);
INSERT INTO "LanguageName" ("id", "active", "name", "id_language") VALUES (79, 1, "Tsonga-Sprache", 20);
INSERT INTO "LanguageName" ("id", "active", "name", "id_language") VALUES (80, 1, "Swati", 21);
INSERT INTO "LanguageName" ("id", "active", "name", "id_language") VALUES (81, 1, "Swati-Sprache", 21);
INSERT INTO "LanguageName" ("id", "active", "name", "id_language") VALUES (82, 1, "Venda", 22);
INSERT INTO "LanguageName" ("id", "active", "name", "id_language") VALUES (83, 1, "Venda-Sprache", 22);
INSERT INTO "LanguageName" ("id", "active", "name", "id_language") VALUES (84, 1, "Scottish Gaelic", 23);
INSERT INTO "LanguageName" ("id", "active", "name", "id_language") VALUES (85, 1, "Gaelic", 23);
INSERT INTO "LanguageName" ("id", "active", "name", "id_language") VALUES (86, 1, "Gaélique", 23);
INSERT INTO "LanguageName" ("id", "active", "name", "id_language") VALUES (87, 1, "Gaélique écossais", 23);
INSERT INTO "LanguageName" ("id", "active", "name", "id_language") VALUES (88, 1, "Gälisch-Schottisch", 23);
INSERT INTO "LanguageName" ("id", "active", "name", "id_language") VALUES (89, 1, "Gaélico escocés", 23);
INSERT INTO "LanguageName" ("id", "active", "name", "id_language") VALUES (90, 1, "Japanese", 24);
INSERT INTO "LanguageName" ("id", "active", "name", "id_language") VALUES (91, 1, "Japonais", 24);
INSERT INTO "LanguageName" ("id", "active", "name", "id_language") VALUES (92, 1, "Japanisch", 24);
INSERT INTO "LanguageName" ("id", "active", "name", "id_language") VALUES (93, 1, "Xaponés", 24);
INSERT INTO "LanguageName" ("id", "active", "name", "id_language") VALUES (94, 1, "Japonés", 24);
INSERT INTO "LanguageName" ("id", "active", "name", "id_language") VALUES (95, 1, "Chinese", 25);
INSERT INTO "LanguageName" ("id", "active", "name", "id_language") VALUES (96, 1, "Chinois", 25);
INSERT INTO "LanguageName" ("id", "active", "name", "id_language") VALUES (97, 1, "Chinesisch", 25);
INSERT INTO "LanguageName" ("id", "active", "name", "id_language") VALUES (98, 1, "Chinés", 25);
INSERT INTO "LanguageName" ("id", "active", "name", "id_language") VALUES (99, 1, "Chino", 25);
INSERT INTO "LanguageName" ("id", "active", "name", "id_language") VALUES (100, 1, "Danish", 26);
INSERT INTO "LanguageName" ("id", "active", "name", "id_language") VALUES (101, 1, "Danois", 26);
INSERT INTO "LanguageName" ("id", "active", "name", "id_language") VALUES (102, 1, "Dänisch", 26);
INSERT INTO "LanguageName" ("id", "active", "name", "id_language") VALUES (103, 1, "Danés", 26);
INSERT INTO "LanguageName" ("id", "active", "name", "id_language") VALUES (104, 1, "Dansk", 26);
INSERT INTO "LanguageName" ("id", "active", "name", "id_language") VALUES (105, 1, "Kazakh", 27);
INSERT INTO "LanguageName" ("id", "active", "name", "id_language") VALUES (106, 1, "Kasachisch", 27);
INSERT INTO "LanguageName" ("id", "active", "name", "id_language") VALUES (107, 1, "Uzbek", 28);
INSERT INTO "LanguageName" ("id", "active", "name", "id_language") VALUES (108, 1, "Ouszbek", 28);
INSERT INTO "LanguageName" ("id", "active", "name", "id_language") VALUES (109, 1, "Usbekisch", 28);
INSERT INTO "LanguageName" ("id", "active", "name", "id_language") VALUES (110, 1, "Persian", 29);
INSERT INTO "LanguageName" ("id", "active", "name", "id_language") VALUES (111, 1, "Persan", 29);
INSERT INTO "LanguageName" ("id", "active", "name", "id_language") VALUES (112, 1, "Persisch", 29);
INSERT INTO "LanguageName" ("id", "active", "name", "id_language") VALUES (113, 1, "Persa", 29);
INSERT INTO "LanguageName" ("id", "active", "name", "id_language") VALUES (114, 1, "Malay", 30);
INSERT INTO "LanguageName" ("id", "active", "name", "id_language") VALUES (115, 1, "Malais", 30);
INSERT INTO "LanguageName" ("id", "active", "name", "id_language") VALUES (116, 1, "Malaiisch", 30);
INSERT INTO "LanguageName" ("id", "active", "name", "id_language") VALUES (117, 1, "Malaio", 30);
INSERT INTO "LanguageName" ("id", "active", "name", "id_language") VALUES (118, 1, "Malayo", 30);
INSERT INTO "LanguageName" ("id", "active", "name", "id_language") VALUES (119, 1, "Luxembourgish", 31);
INSERT INTO "LanguageName" ("id", "active", "name", "id_language") VALUES (120, 1, "Letzeburgesch", 31);
INSERT INTO "LanguageName" ("id", "active", "name", "id_language") VALUES (121, 1, "Luxembourgeois", 31);
INSERT INTO "LanguageName" ("id", "active", "name", "id_language") VALUES (122, 1, "Luxemburgisch", 31);
INSERT INTO "LanguageName" ("id", "active", "name", "id_language") VALUES (123, 1, "Luxemburgués", 31);
INSERT INTO "LanguageName" ("id", "active", "name", "id_language") VALUES (124, 1, "Lëtzebuergesch", 31);
INSERT INTO "LanguageName" ("id", "active", "name", "id_language") VALUES (125, 1, "Polish", 32);
INSERT INTO "LanguageName" ("id", "active", "name", "id_language") VALUES (126, 1, "Polonais", 32);
INSERT INTO "LanguageName" ("id", "active", "name", "id_language") VALUES (127, 1, "Polnisch", 32);
INSERT INTO "LanguageName" ("id", "active", "name", "id_language") VALUES (128, 1, "Polaco", 32);
INSERT INTO "LanguageName" ("id", "active", "name", "id_language") VALUES (129, 1, "Irish", 33);
INSERT INTO "LanguageName" ("id", "active", "name", "id_language") VALUES (130, 1, "Irlandais", 33);
INSERT INTO "LanguageName" ("id", "active", "name", "id_language") VALUES (131, 1, "Irisch", 33);
INSERT INTO "LanguageName" ("id", "active", "name", "id_language") VALUES (132, 1, "Irlandés", 33);
INSERT INTO "LanguageName" ("id", "active", "name", "id_language") VALUES (133, 1, "Scots", 34);
INSERT INTO "LanguageName" ("id", "active", "name", "id_language") VALUES (134, 1, "Écossais", 34);
INSERT INTO "LanguageName" ("id", "active", "name", "id_language") VALUES (135, 1, "Schottisch", 34);
INSERT INTO "LanguageName" ("id", "active", "name", "id_language") VALUES (136, 1, "Escocés", 34);
INSERT INTO "LanguageName" ("id", "active", "name", "id_language") VALUES (137, 1, "Welsh", 35);
INSERT INTO "LanguageName" ("id", "active", "name", "id_language") VALUES (138, 1, "Gallois", 35);
INSERT INTO "LanguageName" ("id", "active", "name", "id_language") VALUES (139, 1, "Kymrisch", 35);
INSERT INTO "LanguageName" ("id", "active", "name", "id_language") VALUES (140, 1, "Galés", 35);
INSERT INTO "LanguageName" ("id", "active", "name", "id_language") VALUES (141, 1, "Albanian", 36);
INSERT INTO "LanguageName" ("id", "active", "name", "id_language") VALUES (142, 1, "Albanais", 36);
INSERT INTO "LanguageName" ("id", "active", "name", "id_language") VALUES (143, 1, "Albanisch", 36);
INSERT INTO "LanguageName" ("id", "active", "name", "id_language") VALUES (144, 1, "Albanés", 36);
INSERT INTO "LanguageName" ("id", "active", "name", "id_language") VALUES (145, 1, "Shqip", 36);
INSERT INTO "LanguageName" ("id", "active", "name", "id_language") VALUES (146, 1, "Norwegian", 37);
INSERT INTO "LanguageName" ("id", "active", "name", "id_language") VALUES (147, 1, "Norvégien", 37);
INSERT INTO "LanguageName" ("id", "active", "name", "id_language") VALUES (148, 1, "Norwegisch", 37);
INSERT INTO "LanguageName" ("id", "active", "name", "id_language") VALUES (149, 1, "Noruego", 37);
INSERT INTO "LanguageName" ("id", "active", "name", "id_language") VALUES (150, 1, "Norwegian Bokmål", 38);
INSERT INTO "LanguageName" ("id", "active", "name", "id_language") VALUES (151, 1, "Norvégien bokmål", 38);
INSERT INTO "LanguageName" ("id", "active", "name", "id_language") VALUES (152, 1, "Bokmål", 38);
INSERT INTO "LanguageName" ("id", "active", "name", "id_language") VALUES (153, 1, "Noruego de libro", 38);
INSERT INTO "LanguageName" ("id", "active", "name", "id_language") VALUES (154, 1, "Norwegian Nynorsk", 39);
INSERT INTO "LanguageName" ("id", "active", "name", "id_language") VALUES (155, 1, "Norvégien nynorsk", 39);
INSERT INTO "LanguageName" ("id", "active", "name", "id_language") VALUES (156, 1, "Nynorsk", 39);
INSERT INTO "LanguageName" ("id", "active", "name", "id_language") VALUES (157, 1, "Noruego falado", 39);
INSERT INTO "LanguageName" ("id", "active", "name", "id_language") VALUES (158, 1, "Noruego hablado", 39);
INSERT INTO "LanguageName" ("id", "active", "name", "id_language") VALUES (159, 1, "Northern Sami", 40);
INSERT INTO "LanguageName" ("id", "active", "name", "id_language") VALUES (160, 1, "Sami du Nord", 40);
INSERT INTO "LanguageName" ("id", "active", "name", "id_language") VALUES (161, 1, "Nordsaamisch", 40);
INSERT INTO "LanguageName" ("id", "active", "name", "id_language") VALUES (162, 1, "Sami do norte", 40);
INSERT INTO "LanguageName" ("id", "active", "name", "id_language") VALUES (163, 1, "Sami del norte", 40);
INSERT INTO "LanguageName" ("id", "active", "name", "id_language") VALUES (164, 1, "Southern Sami", 41);
INSERT INTO "LanguageName" ("id", "active", "name", "id_language") VALUES (165, 1, "Sami du Sud", 41);
INSERT INTO "LanguageName" ("id", "active", "name", "id_language") VALUES (166, 1, "Südsaamisch", 41);
INSERT INTO "LanguageName" ("id", "active", "name", "id_language") VALUES (167, 1, "Sami do sur", 41);
INSERT INTO "LanguageName" ("id", "active", "name", "id_language") VALUES (168, 1, "Sami del sur", 41);
INSERT INTO "LanguageName" ("id", "active", "name", "id_language") VALUES (169, 1, "Lule Sami", 42);
INSERT INTO "LanguageName" ("id", "active", "name", "id_language") VALUES (170, 1, "Sami de Lule", 42);
INSERT INTO "LanguageName" ("id", "active", "name", "id_language") VALUES (171, 1, "Lulesaamisch", 42);
INSERT INTO "LanguageName" ("id", "active", "name", "id_language") VALUES (172, 1, "Sami Lule", 42);
INSERT INTO "LanguageName" ("id", "active", "name", "id_language") VALUES (173, 1, "Maori", 43);
INSERT INTO "LanguageName" ("id", "active", "name", "id_language") VALUES (174, 1, "Maori-Sprache", 43);
INSERT INTO "LanguageName" ("id", "active", "name", "id_language") VALUES (175, 1, "Swahili", 44);
INSERT INTO "LanguageName" ("id", "active", "name", "id_language") VALUES (176, 1, "Korean", 45);
INSERT INTO "LanguageName" ("id", "active", "name", "id_language") VALUES (177, 1, "Coréen", 45);
INSERT INTO "LanguageName" ("id", "active", "name", "id_language") VALUES (178, 1, "Koreanisch", 45);
INSERT INTO "LanguageName" ("id", "active", "name", "id_language") VALUES (179, 1, "Koreano", 45);
INSERT INTO "LanguageName" ("id", "active", "name", "id_language") VALUES (180, 1, "Hebrew", 46);
INSERT INTO "LanguageName" ("id", "active", "name", "id_language") VALUES (181, 1, "Hébreu", 46);
INSERT INTO "LanguageName" ("id", "active", "name", "id_language") VALUES (182, 1, "Hebräisch", 46);
INSERT INTO "LanguageName" ("id", "active", "name", "id_language") VALUES (183, 1, "Hebreo", 46);
INSERT INTO "LanguageName" ("id", "active", "name", "id_language") VALUES (184, 1, "Mapuche", 47);
INSERT INTO "LanguageName" ("id", "active", "name", "id_language") VALUES (185, 1, "Mapudungun", 47);
INSERT INTO "LanguageName" ("id", "active", "name", "id_language") VALUES (186, 1, "Mapuce", 47);
INSERT INTO "LanguageName" ("id", "active", "name", "id_language") VALUES (187, 1, "Arauka-Sprachen", 47);
INSERT INTO "LanguageName" ("id", "active", "name", "id_language") VALUES (188, 1, "Aymara", 48);
INSERT INTO "LanguageName" ("id", "active", "name", "id_language") VALUES (189, 1, "Aymara-Sprache", 48);
INSERT INTO "LanguageName" ("id", "active", "name", "id_language") VALUES (190, 1, "Aimara", 48);
INSERT INTO "LanguageName" ("id", "active", "name", "id_language") VALUES (191, 1, "Quechua", 49);
INSERT INTO "LanguageName" ("id", "active", "name", "id_language") VALUES (192, 1, "Quechua-Sprache", 49);
INSERT INTO "LanguageName" ("id", "active", "name", "id_language") VALUES (193, 1, "Rapanui", 50);
INSERT INTO "LanguageName" ("id", "active", "name", "id_language") VALUES (194, 1, "Osterinsel-Sprache", 50);
INSERT INTO "LanguageName" ("id", "active", "name", "id_language") VALUES (195, 1, "Dutch", 51);
INSERT INTO "LanguageName" ("id", "active", "name", "id_language") VALUES (196, 1, "Flemish", 51);
INSERT INTO "LanguageName" ("id", "active", "name", "id_language") VALUES (197, 1, "Néerlandais", 51);
INSERT INTO "LanguageName" ("id", "active", "name", "id_language") VALUES (198, 1, "Flamand", 51);
INSERT INTO "LanguageName" ("id", "active", "name", "id_language") VALUES (199, 1, "Niederländisch", 51);
INSERT INTO "LanguageName" ("id", "active", "name", "id_language") VALUES (200, 1, "Neederlandés", 51);
INSERT INTO "LanguageName" ("id", "active", "name", "id_language") VALUES (201, 1, "Estonian", 52);
INSERT INTO "LanguageName" ("id", "active", "name", "id_language") VALUES (202, 1, "Estonien", 52);
INSERT INTO "LanguageName" ("id", "active", "name", "id_language") VALUES (203, 1, "Estnisch", 52);
INSERT INTO "LanguageName" ("id", "active", "name", "id_language") VALUES (204, 1, "Estonio", 52);
INSERT INTO "LanguageName" ("id", "active", "name", "id_language") VALUES (205, 1, "Finnish", 53);
INSERT INTO "LanguageName" ("id", "active", "name", "id_language") VALUES (206, 1, "Finnois", 53);
INSERT INTO "LanguageName" ("id", "active", "name", "id_language") VALUES (207, 1, "Finnisch", 53);
INSERT INTO "LanguageName" ("id", "active", "name", "id_language") VALUES (208, 1, "Finlandés", 53);
INSERT INTO "LanguageName" ("id", "active", "name", "id_language") VALUES (209, 1, "Finés", 53);
INSERT INTO "LanguageName" ("id", "active", "name", "id_language") VALUES (210, 1, "Lithuanian", 54);
INSERT INTO "LanguageName" ("id", "active", "name", "id_language") VALUES (211, 1, "Lituanien", 54);
INSERT INTO "LanguageName" ("id", "active", "name", "id_language") VALUES (212, 1, "Litauisch", 54);
INSERT INTO "LanguageName" ("id", "active", "name", "id_language") VALUES (213, 1, "Lituano", 54);
INSERT INTO "LanguageName" ("id", "active", "name", "id_language") VALUES (214, 1, "Swedish", 55);
INSERT INTO "LanguageName" ("id", "active", "name", "id_language") VALUES (215, 1, "Suédois", 55);
INSERT INTO "LanguageName" ("id", "active", "name", "id_language") VALUES (216, 1, "Schwedisch", 55);
INSERT INTO "LanguageName" ("id", "active", "name", "id_language") VALUES (217, 1, "Sueco", 55);
INSERT INTO "LanguageName" ("id", "active", "name", "id_language") VALUES (218, 1, "Turkish", 56);
INSERT INTO "LanguageName" ("id", "active", "name", "id_language") VALUES (219, 1, "Turc", 56);
INSERT INTO "LanguageName" ("id", "active", "name", "id_language") VALUES (220, 1, "Türkisch", 56);
INSERT INTO "LanguageName" ("id", "active", "name", "id_language") VALUES (221, 1, "Turco", 56);
INSERT INTO "LanguageName" ("id", "active", "name", "id_language") VALUES (222, 1, "Ukrainian", 57);
INSERT INTO "LanguageName" ("id", "active", "name", "id_language") VALUES (223, 1, "Ukrainien", 57);
INSERT INTO "LanguageName" ("id", "active", "name", "id_language") VALUES (224, 1, "Ukrainisch", 57);
INSERT INTO "LanguageName" ("id", "active", "name", "id_language") VALUES (225, 1, "Ukraniano", 57);
INSERT INTO "LanguageName" ("id", "active", "name", "id_language") VALUES (226, 1, "Ucraniano", 57);
INSERT INTO "LanguageName" ("id", "active", "name", "id_language") VALUES (227, 1, "Hungarian", 58);
INSERT INTO "LanguageName" ("id", "active", "name", "id_language") VALUES (228, 1, "Hongrois", 58);
INSERT INTO "LanguageName" ("id", "active", "name", "id_language") VALUES (229, 1, "Ungarisch", 58);
INSERT INTO "LanguageName" ("id", "active", "name", "id_language") VALUES (230, 1, "Húngaro", 58);
INSERT INTO "LanguageName" ("id", "active", "name", "id_language") VALUES (231, 1, "Romanian", 59);
INSERT INTO "LanguageName" ("id", "active", "name", "id_language") VALUES (232, 1, "Moldavian", 59);
INSERT INTO "LanguageName" ("id", "active", "name", "id_language") VALUES (233, 1, "Moldovan", 59);
INSERT INTO "LanguageName" ("id", "active", "name", "id_language") VALUES (234, 1, "Roumain", 59);
INSERT INTO "LanguageName" ("id", "active", "name", "id_language") VALUES (235, 1, "Moldave", 59);
INSERT INTO "LanguageName" ("id", "active", "name", "id_language") VALUES (236, 1, "Rumänisch", 59);
INSERT INTO "LanguageName" ("id", "active", "name", "id_language") VALUES (237, 1, "Rumano", 59);
INSERT INTO "LanguageName" ("id", "active", "name", "id_language") VALUES (238, 1, "Moldavo", 59);
INSERT INTO "LanguageName" ("id", "active", "name", "id_language") VALUES (239, 1, "Berber languages", 60);
INSERT INTO "LanguageName" ("id", "active", "name", "id_language") VALUES (240, 1, "Berbères langues", 60);
INSERT INTO "LanguageName" ("id", "active", "name", "id_language") VALUES (241, 1, "Berbersprachen", 60);
INSERT INTO "LanguageName" ("id", "active", "name", "id_language") VALUES (242, 1, "Linguas bérberes", 60);
INSERT INTO "LanguageName" ("id", "active", "name", "id_language") VALUES (243, 1, "Lenguas bérberes", 60);
INSERT INTO "LanguageName" ("id", "active", "name", "id_language") VALUES (244, 1, "Maltese", 61);
INSERT INTO "LanguageName" ("id", "active", "name", "id_language") VALUES (245, 1, "Maltais", 61);
INSERT INTO "LanguageName" ("id", "active", "name", "id_language") VALUES (246, 1, "Maltesisch", 61);
INSERT INTO "LanguageName" ("id", "active", "name", "id_language") VALUES (247, 1, "Maltés", 61);
INSERT INTO "LanguageName" ("id", "active", "name", "id_language") VALUES (248, 1, "Urdu", 62);
INSERT INTO "LanguageName" ("id", "active", "name", "id_language") VALUES (249, 1, "Ourdou", 62);
INSERT INTO "LanguageName" ("id", "active", "name", "id_language") VALUES (250, 1, "Kurdish", 63);
INSERT INTO "LanguageName" ("id", "active", "name", "id_language") VALUES (251, 1, "Kurde", 63);
INSERT INTO "LanguageName" ("id", "active", "name", "id_language") VALUES (252, 1, "Kurdisch", 63);
INSERT INTO "LanguageName" ("id", "active", "name", "id_language") VALUES (253, 1, "Kurdo", 63);
INSERT INTO "LanguageName" ("id", "active", "name", "id_language") VALUES (254, 1, "Hindi", 64);
INSERT INTO "LanguageName" ("id", "active", "name", "id_language") VALUES (255, 1, "Bulgarian", 65);
INSERT INTO "LanguageName" ("id", "active", "name", "id_language") VALUES (256, 1, "Bulgare", 65);
INSERT INTO "LanguageName" ("id", "active", "name", "id_language") VALUES (257, 1, "Bulgarisch", 65);
INSERT INTO "LanguageName" ("id", "active", "name", "id_language") VALUES (258, 1, "Búlgaro", 65);
INSERT INTO "LanguageName" ("id", "active", "name", "id_language") VALUES (259, 1, "Czech", 66);
INSERT INTO "LanguageName" ("id", "active", "name", "id_language") VALUES (260, 1, "Tchèque", 66);
INSERT INTO "LanguageName" ("id", "active", "name", "id_language") VALUES (261, 1, "Tschechisch", 66);
INSERT INTO "LanguageName" ("id", "active", "name", "id_language") VALUES (262, 1, "Checo", 66);
INSERT INTO "LanguageName" ("id", "active", "name", "id_language") VALUES (263, 1, "Croatian", 67);
INSERT INTO "LanguageName" ("id", "active", "name", "id_language") VALUES (264, 1, "Croate", 67);
INSERT INTO "LanguageName" ("id", "active", "name", "id_language") VALUES (265, 1, "Kroatisch", 67);
INSERT INTO "LanguageName" ("id", "active", "name", "id_language") VALUES (266, 1, "Croata", 67);
INSERT INTO "LanguageName" ("id", "active", "name", "id_language") VALUES (267, 1, "Thai", 68);
INSERT INTO "LanguageName" ("id", "active", "name", "id_language") VALUES (268, 1, "Thaï", 68);
INSERT INTO "LanguageName" ("id", "active", "name", "id_language") VALUES (269, 1, "Thailändisch", 68);
INSERT INTO "LanguageName" ("id", "active", "name", "id_language") VALUES (270, 1, "Indonesian", 69);
INSERT INTO "LanguageName" ("id", "active", "name", "id_language") VALUES (271, 1, "Indonésien", 69);
INSERT INTO "LanguageName" ("id", "active", "name", "id_language") VALUES (272, 1, "Bahasa Indonesia", 69);
INSERT INTO "LanguageName" ("id", "active", "name", "id_language") VALUES (273, 1, "Indonesio", 69);
INSERT INTO "LanguageName" ("id", "active", "name", "id_language") VALUES (274, 1, "Greek", 70);
INSERT INTO "LanguageName" ("id", "active", "name", "id_language") VALUES (275, 1, "Grec", 70);
INSERT INTO "LanguageName" ("id", "active", "name", "id_language") VALUES (276, 1, "Neugriechisch", 70);
INSERT INTO "LanguageName" ("id", "active", "name", "id_language") VALUES (277, 1, "Grego", 70);
INSERT INTO "LanguageName" ("id", "active", "name", "id_language") VALUES (278, 1, "Griego", 70);
INSERT INTO "LanguageName" ("id", "active", "name", "id_language") VALUES (279, 1, "ελληνικά", 70);
INSERT INTO "LanguageName" ("id", "active", "name", "id_language") VALUES (280, 1, "Vietnamese", 71);
INSERT INTO "LanguageName" ("id", "active", "name", "id_language") VALUES (281, 1, "Vietnamien", 71);
INSERT INTO "LanguageName" ("id", "active", "name", "id_language") VALUES (282, 1, "Vietnamesisch", 71);
INSERT INTO "LanguageName" ("id", "active", "name", "id_language") VALUES (283, 1, "Vietnamita", 71);
INSERT INTO "LanguageName" ("id", "active", "name", "id_language") VALUES (284, 1, "Filipino", 72);
INSERT INTO "LanguageName" ("id", "active", "name", "id_language") VALUES (285, 1, "Pilipino", 72);
INSERT INTO "LanguageName" ("id", "active", "name", "id_language") VALUES (286, 1, "Mandarin Chinese", 73);
INSERT INTO "LanguageName" ("id", "active", "name", "id_language") VALUES (287, 1, "Mandarin", 73);
INSERT INTO "LanguageName" ("id", "active", "name", "id_language") VALUES (288, 1, "Mandarín", 73);
INSERT INTO "LanguageName" ("id", "active", "name", "id_language") VALUES (289, 1, "Chino Mandarín", 73);
INSERT INTO "LanguageName" ("id", "active", "name", "id_language") VALUES (290, 1, "South Sami", 41);
INSERT INTO "LanguageName" ("id", "active", "name", "id_language") VALUES (291, 1, "Lule Saami", 42);
INSERT INTO "LanguageName" ("id", "active", "name", "id_language") VALUES (292, 1, "Traditional Chinese", 74);
INSERT INTO "LanguageName" ("id", "active", "name", "id_language") VALUES (293, 1, "Chinés tradicional", 74);
INSERT INTO "LanguageName" ("id", "active", "name", "id_language") VALUES (294, 1, "Chino tradicional", 74);
INSERT INTO "LanguageName" ("id", "active", "name", "id_language") VALUES (295, 1, "Simplified Chinese", 75);
INSERT INTO "LanguageName" ("id", "active", "name", "id_language") VALUES (296, 1, "Chinés simplificado", 75);
INSERT INTO "LanguageName" ("id", "active", "name", "id_language") VALUES (297, 1, "Chino simplificado", 75);
INSERT INTO "LanguageName" ("id", "active", "name", "id_language") VALUES (298, 1, "Serbian", 76);
INSERT INTO "LanguageName" ("id", "active", "name", "id_language") VALUES (299, 1, "Serbe", 76);
INSERT INTO "LanguageName" ("id", "active", "name", "id_language") VALUES (300, 1, "Serbisch", 76);
INSERT INTO "LanguageName" ("id", "active", "name", "id_language") VALUES (301, 1, "Serbio", 76);
INSERT INTO "LanguageName" ("id", "active", "name", "id_language") VALUES (302, 1, "English (US)", 77);
INSERT INTO "LanguageName" ("id", "active", "name", "id_language") VALUES (303, 1, "English (United States)", 77);
INSERT INTO "LanguageName" ("id", "active", "name", "id_language") VALUES (304, 1, "US English", 77);
INSERT INTO "LanguageName" ("id", "active", "name", "id_language") VALUES (305, 1, "United States English", 77);
INSERT INTO "LanguageName" ("id", "active", "name", "id_language") VALUES (306, 1, "Inglés (EEUU)", 77);
INSERT INTO "LanguageName" ("id", "active", "name", "id_language") VALUES (307, 1, "Inglés (Estados Unidos)", 77);
INSERT INTO "LanguageName" ("id", "active", "name", "id_language") VALUES (308, 1, "Inglés de EEUU", 77);
INSERT INTO "LanguageName" ("id", "active", "name", "id_language") VALUES (309, 1, "Inglés de Estados Unidos", 77);
INSERT INTO "LanguageName" ("id", "active", "name", "id_language") VALUES (310, 1, "Armenian", 78);
INSERT INTO "LanguageName" ("id", "active", "name", "id_language") VALUES (311, 1, "Armenio", 78);
INSERT INTO "LanguageName" ("id", "active", "name", "id_language") VALUES (312, 1, "Eastern Armenian written in Latin script, as used in Italy", 79);
INSERT INTO "LanguageName" ("id", "active", "name", "id_language") VALUES (313, 1, "Armenio do este en escritura latina, como se usa en Italia", 79);
INSERT INTO "LanguageName" ("id", "active", "name", "id_language") VALUES (314, 1, "Armenio del este en escritura latina, como se usa en Italia", 79);
INSERT INTO "LanguageName" ("id", "active", "name", "id_language") VALUES (315, 1, "Chino Mandarino", 79);
INSERT INTO "LanguageName" ("id", "active", "name", "id_language") VALUES (316, 1, "Chinés Mandarino", 79);
INSERT INTO "LanguageName" ("id", "active", "name", "id_language") VALUES (317, 1, "Chino Mandarín", 79);
INSERT INTO "LanguageName" ("id", "active", "name", "id_language") VALUES (318, 1, "Chinés Mandarín", 79);
INSERT INTO "LanguageName" ("id", "active", "name", "id_language") VALUES (319, 1, "Traditional Mandarin Chinese", 80);
INSERT INTO "LanguageName" ("id", "active", "name", "id_language") VALUES (320, 1, "Mandarín tradicional", 80);
INSERT INTO "LanguageName" ("id", "active", "name", "id_language") VALUES (321, 1, "Chinés Mandarín tradicional", 80);
INSERT INTO "LanguageName" ("id", "active", "name", "id_language") VALUES (322, 1, "Chino Mandarín tradicional", 80);
INSERT INTO "LanguageName" ("id", "active", "name", "id_language") VALUES (323, 1, "Chinés Mandarino tradicional", 80);
INSERT INTO "LanguageName" ("id", "active", "name", "id_language") VALUES (324, 1, "Chino Mandarino tradicional", 80);
INSERT INTO "LanguageName" ("id", "active", "name", "id_language") VALUES (325, 1, "Simplified Mandarin Chinese", 81);
INSERT INTO "LanguageName" ("id", "active", "name", "id_language") VALUES (326, 1, "Mandarín simplificado", 81);
INSERT INTO "LanguageName" ("id", "active", "name", "id_language") VALUES (327, 1, "Chinés Mandarín simplificado", 81);
INSERT INTO "LanguageName" ("id", "active", "name", "id_language") VALUES (328, 1, "Chino Mandarín simplificado", 81);
INSERT INTO "LanguageName" ("id", "active", "name", "id_language") VALUES (329, 1, "Chinés Mandarino simplificado", 81);
INSERT INTO "LanguageName" ("id", "active", "name", "id_language") VALUES (330, 1, "Chino Mandarino simplificado", 81);
INSERT INTO "LanguageName" ("id", "active", "name", "id_language") VALUES (331, 1, "American Castillian", 82);
INSERT INTO "LanguageName" ("id", "active", "name", "id_language") VALUES (332, 1, "American Spanish", 82);
INSERT INTO "LanguageName" ("id", "active", "name", "id_language") VALUES (333, 1, "Castelán Americano", 82);
INSERT INTO "LanguageName" ("id", "active", "name", "id_language") VALUES (334, 1, "Castelán de América", 82);
INSERT INTO "LanguageName" ("id", "active", "name", "id_language") VALUES (335, 1, "Espanhol Americano", 82);
INSERT INTO "LanguageName" ("id", "active", "name", "id_language") VALUES (336, 1, "Espanhol de América", 82);
INSERT INTO "LanguageName" ("id", "active", "name", "id_language") VALUES (337, 1, "Español Americano", 82);
INSERT INTO "LanguageName" ("id", "active", "name", "id_language") VALUES (338, 1, "Español de América", 82);
INSERT INTO "LanguageName" ("id", "active", "name", "id_language") VALUES (339, 1, "Castellano Americano", 82);
INSERT INTO "LanguageName" ("id", "active", "name", "id_language") VALUES (340, 1, "Castellano de América", 82);
INSERT INTO "LanguageName" ("id", "active", "name", "id_language") VALUES (341, 1, "Canadian French", 83);
INSERT INTO "LanguageName" ("id", "active", "name", "id_language") VALUES (342, 1, "French from Canada", 83);
INSERT INTO "LanguageName" ("id", "active", "name", "id_language") VALUES (343, 1, "Canadian", 83);
INSERT INTO "LanguageName" ("id", "active", "name", "id_language") VALUES (344, 1, "Francés canadense", 83);
INSERT INTO "LanguageName" ("id", "active", "name", "id_language") VALUES (345, 1, "Francés canadiense", 83);
INSERT INTO "LanguageName" ("id", "active", "name", "id_language") VALUES (346, 1, "Francés de Canadá", 83);
INSERT INTO "LanguageName" ("id", "active", "name", "id_language") VALUES (347, 1, "Canadense", 83);
INSERT INTO "LanguageName" ("id", "active", "name", "id_language") VALUES (348, 1, "Canadiense", 83);






INSERT INTO "LanguageNameLanguage" ("id_language_name", "id_language") VALUES (1, 1);
INSERT INTO "LanguageNameLanguage" ("id_language_name", "id_language") VALUES (2, 2);
INSERT INTO "LanguageNameLanguage" ("id_language_name", "id_language") VALUES (3, 3);
INSERT INTO "LanguageNameLanguage" ("id_language_name", "id_language") VALUES (4, 10);
INSERT INTO "LanguageNameLanguage" ("id_language_name", "id_language") VALUES (5, 11);
INSERT INTO "LanguageNameLanguage" ("id_language_name", "id_language") VALUES (6, 2);
INSERT INTO "LanguageNameLanguage" ("id_language_name", "id_language") VALUES (7, 1);
INSERT INTO "LanguageNameLanguage" ("id_language_name", "id_language") VALUES (7, 2);
INSERT INTO "LanguageNameLanguage" ("id_language_name", "id_language") VALUES (8, 10);
INSERT INTO "LanguageNameLanguage" ("id_language_name", "id_language") VALUES (9, 11);
INSERT INTO "LanguageNameLanguage" ("id_language_name", "id_language") VALUES (10, 2);
INSERT INTO "LanguageNameLanguage" ("id_language_name", "id_language") VALUES (11, 2);
INSERT INTO "LanguageNameLanguage" ("id_language_name", "id_language") VALUES (12, 1);
INSERT INTO "LanguageNameLanguage" ("id_language_name", "id_language") VALUES (12, 3);
INSERT INTO "LanguageNameLanguage" ("id_language_name", "id_language") VALUES (13, 1);
INSERT INTO "LanguageNameLanguage" ("id_language_name", "id_language") VALUES (13, 7);
INSERT INTO "LanguageNameLanguage" ("id_language_name", "id_language") VALUES (14, 1);
INSERT INTO "LanguageNameLanguage" ("id_language_name", "id_language") VALUES (15, 3);
INSERT INTO "LanguageNameLanguage" ("id_language_name", "id_language") VALUES (16, 10);
INSERT INTO "LanguageNameLanguage" ("id_language_name", "id_language") VALUES (17, 11);
INSERT INTO "LanguageNameLanguage" ("id_language_name", "id_language") VALUES (18, 2);
INSERT INTO "LanguageNameLanguage" ("id_language_name", "id_language") VALUES (18, 10);
INSERT INTO "LanguageNameLanguage" ("id_language_name", "id_language") VALUES (19, 1);
INSERT INTO "LanguageNameLanguage" ("id_language_name", "id_language") VALUES (19, 3);
INSERT INTO "LanguageNameLanguage" ("id_language_name", "id_language") VALUES (20, 11);
INSERT INTO "LanguageNameLanguage" ("id_language_name", "id_language") VALUES (21, 2);
INSERT INTO "LanguageNameLanguage" ("id_language_name", "id_language") VALUES (22, 10);
INSERT INTO "LanguageNameLanguage" ("id_language_name", "id_language") VALUES (23, 11);
INSERT INTO "LanguageNameLanguage" ("id_language_name", "id_language") VALUES (24, 1);
INSERT INTO "LanguageNameLanguage" ("id_language_name", "id_language") VALUES (24, 3);
INSERT INTO "LanguageNameLanguage" ("id_language_name", "id_language") VALUES (25, 2);
INSERT INTO "LanguageNameLanguage" ("id_language_name", "id_language") VALUES (26, 10);
INSERT INTO "LanguageNameLanguage" ("id_language_name", "id_language") VALUES (27, 11);
INSERT INTO "LanguageNameLanguage" ("id_language_name", "id_language") VALUES (28, 1);
INSERT INTO "LanguageNameLanguage" ("id_language_name", "id_language") VALUES (28, 3);
INSERT INTO "LanguageNameLanguage" ("id_language_name", "id_language") VALUES (29, 2);
INSERT INTO "LanguageNameLanguage" ("id_language_name", "id_language") VALUES (30, 10);
INSERT INTO "LanguageNameLanguage" ("id_language_name", "id_language") VALUES (31, 11);
INSERT INTO "LanguageNameLanguage" ("id_language_name", "id_language") VALUES (32, 1);
INSERT INTO "LanguageNameLanguage" ("id_language_name", "id_language") VALUES (32, 3);
INSERT INTO "LanguageNameLanguage" ("id_language_name", "id_language") VALUES (33, 2);
INSERT INTO "LanguageNameLanguage" ("id_language_name", "id_language") VALUES (33, 10);
INSERT INTO "LanguageNameLanguage" ("id_language_name", "id_language") VALUES (34, 11);
INSERT INTO "LanguageNameLanguage" ("id_language_name", "id_language") VALUES (35, 1);
INSERT INTO "LanguageNameLanguage" ("id_language_name", "id_language") VALUES (35, 3);
INSERT INTO "LanguageNameLanguage" ("id_language_name", "id_language") VALUES (36, 2);
INSERT INTO "LanguageNameLanguage" ("id_language_name", "id_language") VALUES (36, 10);
INSERT INTO "LanguageNameLanguage" ("id_language_name", "id_language") VALUES (37, 2);
INSERT INTO "LanguageNameLanguage" ("id_language_name", "id_language") VALUES (38, 10);
INSERT INTO "LanguageNameLanguage" ("id_language_name", "id_language") VALUES (39, 11);
INSERT INTO "LanguageNameLanguage" ("id_language_name", "id_language") VALUES (40, 1);
INSERT INTO "LanguageNameLanguage" ("id_language_name", "id_language") VALUES (40, 3);
INSERT INTO "LanguageNameLanguage" ("id_language_name", "id_language") VALUES (41, 1);
INSERT INTO "LanguageNameLanguage" ("id_language_name", "id_language") VALUES (41, 3);
INSERT INTO "LanguageNameLanguage" ("id_language_name", "id_language") VALUES (42, 2);
INSERT INTO "LanguageNameLanguage" ("id_language_name", "id_language") VALUES (43, 10);
INSERT INTO "LanguageNameLanguage" ("id_language_name", "id_language") VALUES (44, 11);
INSERT INTO "LanguageNameLanguage" ("id_language_name", "id_language") VALUES (45, 1);
INSERT INTO "LanguageNameLanguage" ("id_language_name", "id_language") VALUES (45, 3);
INSERT INTO "LanguageNameLanguage" ("id_language_name", "id_language") VALUES (46, 2);
INSERT INTO "LanguageNameLanguage" ("id_language_name", "id_language") VALUES (47, 10);
INSERT INTO "LanguageNameLanguage" ("id_language_name", "id_language") VALUES (48, 11);
INSERT INTO "LanguageNameLanguage" ("id_language_name", "id_language") VALUES (49, 1);
INSERT INTO "LanguageNameLanguage" ("id_language_name", "id_language") VALUES (49, 3);
INSERT INTO "LanguageNameLanguage" ("id_language_name", "id_language") VALUES (50, 2);
INSERT INTO "LanguageNameLanguage" ("id_language_name", "id_language") VALUES (51, 10);
INSERT INTO "LanguageNameLanguage" ("id_language_name", "id_language") VALUES (52, 11);
INSERT INTO "LanguageNameLanguage" ("id_language_name", "id_language") VALUES (53, 1);
INSERT INTO "LanguageNameLanguage" ("id_language_name", "id_language") VALUES (53, 3);
INSERT INTO "LanguageNameLanguage" ("id_language_name", "id_language") VALUES (54, 2);
INSERT INTO "LanguageNameLanguage" ("id_language_name", "id_language") VALUES (54, 11);
INSERT INTO "LanguageNameLanguage" ("id_language_name", "id_language") VALUES (54, 1);
INSERT INTO "LanguageNameLanguage" ("id_language_name", "id_language") VALUES (54, 3);
INSERT INTO "LanguageNameLanguage" ("id_language_name", "id_language") VALUES (55, 10);
INSERT INTO "LanguageNameLanguage" ("id_language_name", "id_language") VALUES (56, 2);
INSERT INTO "LanguageNameLanguage" ("id_language_name", "id_language") VALUES (56, 1);
INSERT INTO "LanguageNameLanguage" ("id_language_name", "id_language") VALUES (56, 3);
INSERT INTO "LanguageNameLanguage" ("id_language_name", "id_language") VALUES (57, 10);
INSERT INTO "LanguageNameLanguage" ("id_language_name", "id_language") VALUES (58, 11);
INSERT INTO "LanguageNameLanguage" ("id_language_name", "id_language") VALUES (59, 1);
INSERT INTO "LanguageNameLanguage" ("id_language_name", "id_language") VALUES (59, 3);
INSERT INTO "LanguageNameLanguage" ("id_language_name", "id_language") VALUES (60, 2);
INSERT INTO "LanguageNameLanguage" ("id_language_name", "id_language") VALUES (60, 10);
INSERT INTO "LanguageNameLanguage" ("id_language_name", "id_language") VALUES (60, 1);
INSERT INTO "LanguageNameLanguage" ("id_language_name", "id_language") VALUES (60, 3);
INSERT INTO "LanguageNameLanguage" ("id_language_name", "id_language") VALUES (61, 11);
INSERT INTO "LanguageNameLanguage" ("id_language_name", "id_language") VALUES (62, 2);
INSERT INTO "LanguageNameLanguage" ("id_language_name", "id_language") VALUES (62, 10);
INSERT INTO "LanguageNameLanguage" ("id_language_name", "id_language") VALUES (62, 11);
INSERT INTO "LanguageNameLanguage" ("id_language_name", "id_language") VALUES (63, 1);
INSERT INTO "LanguageNameLanguage" ("id_language_name", "id_language") VALUES (63, 3);
INSERT INTO "LanguageNameLanguage" ("id_language_name", "id_language") VALUES (64, 2);
INSERT INTO "LanguageNameLanguage" ("id_language_name", "id_language") VALUES (65, 2);
INSERT INTO "LanguageNameLanguage" ("id_language_name", "id_language") VALUES (65, 10);
INSERT INTO "LanguageNameLanguage" ("id_language_name", "id_language") VALUES (66, 2);
INSERT INTO "LanguageNameLanguage" ("id_language_name", "id_language") VALUES (66, 10);
INSERT INTO "LanguageNameLanguage" ("id_language_name", "id_language") VALUES (67, 10);
INSERT INTO "LanguageNameLanguage" ("id_language_name", "id_language") VALUES (68, 11);
INSERT INTO "LanguageNameLanguage" ("id_language_name", "id_language") VALUES (69, 1);
INSERT INTO "LanguageNameLanguage" ("id_language_name", "id_language") VALUES (70, 3);
INSERT INTO "LanguageNameLanguage" ("id_language_name", "id_language") VALUES (71, 2);
INSERT INTO "LanguageNameLanguage" ("id_language_name", "id_language") VALUES (71, 10);
INSERT INTO "LanguageNameLanguage" ("id_language_name", "id_language") VALUES (71, 1);
INSERT INTO "LanguageNameLanguage" ("id_language_name", "id_language") VALUES (71, 3);
INSERT INTO "LanguageNameLanguage" ("id_language_name", "id_language") VALUES (72, 11);
INSERT INTO "LanguageNameLanguage" ("id_language_name", "id_language") VALUES (73, 2);
INSERT INTO "LanguageNameLanguage" ("id_language_name", "id_language") VALUES (74, 10);
INSERT INTO "LanguageNameLanguage" ("id_language_name", "id_language") VALUES (75, 11);
INSERT INTO "LanguageNameLanguage" ("id_language_name", "id_language") VALUES (76, 1);
INSERT INTO "LanguageNameLanguage" ("id_language_name", "id_language") VALUES (77, 3);
INSERT INTO "LanguageNameLanguage" ("id_language_name", "id_language") VALUES (78, 2);
INSERT INTO "LanguageNameLanguage" ("id_language_name", "id_language") VALUES (78, 10);
INSERT INTO "LanguageNameLanguage" ("id_language_name", "id_language") VALUES (78, 1);
INSERT INTO "LanguageNameLanguage" ("id_language_name", "id_language") VALUES (78, 3);
INSERT INTO "LanguageNameLanguage" ("id_language_name", "id_language") VALUES (79, 11);
INSERT INTO "LanguageNameLanguage" ("id_language_name", "id_language") VALUES (80, 2);
INSERT INTO "LanguageNameLanguage" ("id_language_name", "id_language") VALUES (80, 10);
INSERT INTO "LanguageNameLanguage" ("id_language_name", "id_language") VALUES (80, 1);
INSERT INTO "LanguageNameLanguage" ("id_language_name", "id_language") VALUES (80, 3);
INSERT INTO "LanguageNameLanguage" ("id_language_name", "id_language") VALUES (81, 11);
INSERT INTO "LanguageNameLanguage" ("id_language_name", "id_language") VALUES (82, 2);
INSERT INTO "LanguageNameLanguage" ("id_language_name", "id_language") VALUES (82, 10);
INSERT INTO "LanguageNameLanguage" ("id_language_name", "id_language") VALUES (82, 1);
INSERT INTO "LanguageNameLanguage" ("id_language_name", "id_language") VALUES (82, 3);
INSERT INTO "LanguageNameLanguage" ("id_language_name", "id_language") VALUES (83, 11);
INSERT INTO "LanguageNameLanguage" ("id_language_name", "id_language") VALUES (84, 2);
INSERT INTO "LanguageNameLanguage" ("id_language_name", "id_language") VALUES (85, 2);
INSERT INTO "LanguageNameLanguage" ("id_language_name", "id_language") VALUES (86, 10);
INSERT INTO "LanguageNameLanguage" ("id_language_name", "id_language") VALUES (87, 10);
INSERT INTO "LanguageNameLanguage" ("id_language_name", "id_language") VALUES (88, 11);
INSERT INTO "LanguageNameLanguage" ("id_language_name", "id_language") VALUES (89, 1);
INSERT INTO "LanguageNameLanguage" ("id_language_name", "id_language") VALUES (89, 3);
INSERT INTO "LanguageNameLanguage" ("id_language_name", "id_language") VALUES (90, 2);
INSERT INTO "LanguageNameLanguage" ("id_language_name", "id_language") VALUES (91, 10);
INSERT INTO "LanguageNameLanguage" ("id_language_name", "id_language") VALUES (92, 11);
INSERT INTO "LanguageNameLanguage" ("id_language_name", "id_language") VALUES (93, 1);
INSERT INTO "LanguageNameLanguage" ("id_language_name", "id_language") VALUES (94, 3);
INSERT INTO "LanguageNameLanguage" ("id_language_name", "id_language") VALUES (95, 2);
INSERT INTO "LanguageNameLanguage" ("id_language_name", "id_language") VALUES (96, 10);
INSERT INTO "LanguageNameLanguage" ("id_language_name", "id_language") VALUES (97, 11);
INSERT INTO "LanguageNameLanguage" ("id_language_name", "id_language") VALUES (98, 1);
INSERT INTO "LanguageNameLanguage" ("id_language_name", "id_language") VALUES (99, 1);
INSERT INTO "LanguageNameLanguage" ("id_language_name", "id_language") VALUES (99, 3);
INSERT INTO "LanguageNameLanguage" ("id_language_name", "id_language") VALUES (100, 2);
INSERT INTO "LanguageNameLanguage" ("id_language_name", "id_language") VALUES (101, 10);
INSERT INTO "LanguageNameLanguage" ("id_language_name", "id_language") VALUES (102, 11);
INSERT INTO "LanguageNameLanguage" ("id_language_name", "id_language") VALUES (103, 1);
INSERT INTO "LanguageNameLanguage" ("id_language_name", "id_language") VALUES (103, 3);
INSERT INTO "LanguageNameLanguage" ("id_language_name", "id_language") VALUES (104, 26);
INSERT INTO "LanguageNameLanguage" ("id_language_name", "id_language") VALUES (105, 2);
INSERT INTO "LanguageNameLanguage" ("id_language_name", "id_language") VALUES (105, 10);
INSERT INTO "LanguageNameLanguage" ("id_language_name", "id_language") VALUES (105, 1);
INSERT INTO "LanguageNameLanguage" ("id_language_name", "id_language") VALUES (105, 3);
INSERT INTO "LanguageNameLanguage" ("id_language_name", "id_language") VALUES (106, 11);
INSERT INTO "LanguageNameLanguage" ("id_language_name", "id_language") VALUES (107, 2);
INSERT INTO "LanguageNameLanguage" ("id_language_name", "id_language") VALUES (107, 1);
INSERT INTO "LanguageNameLanguage" ("id_language_name", "id_language") VALUES (107, 3);
INSERT INTO "LanguageNameLanguage" ("id_language_name", "id_language") VALUES (108, 10);
INSERT INTO "LanguageNameLanguage" ("id_language_name", "id_language") VALUES (109, 11);
INSERT INTO "LanguageNameLanguage" ("id_language_name", "id_language") VALUES (110, 1);
INSERT INTO "LanguageNameLanguage" ("id_language_name", "id_language") VALUES (111, 10);
INSERT INTO "LanguageNameLanguage" ("id_language_name", "id_language") VALUES (112, 11);
INSERT INTO "LanguageNameLanguage" ("id_language_name", "id_language") VALUES (113, 1);
INSERT INTO "LanguageNameLanguage" ("id_language_name", "id_language") VALUES (113, 3);
INSERT INTO "LanguageNameLanguage" ("id_language_name", "id_language") VALUES (114, 2);
INSERT INTO "LanguageNameLanguage" ("id_language_name", "id_language") VALUES (115, 10);
INSERT INTO "LanguageNameLanguage" ("id_language_name", "id_language") VALUES (116, 11);
INSERT INTO "LanguageNameLanguage" ("id_language_name", "id_language") VALUES (117, 1);
INSERT INTO "LanguageNameLanguage" ("id_language_name", "id_language") VALUES (118, 3);
INSERT INTO "LanguageNameLanguage" ("id_language_name", "id_language") VALUES (119, 2);
INSERT INTO "LanguageNameLanguage" ("id_language_name", "id_language") VALUES (120, 2);
INSERT INTO "LanguageNameLanguage" ("id_language_name", "id_language") VALUES (121, 10);
INSERT INTO "LanguageNameLanguage" ("id_language_name", "id_language") VALUES (122, 11);
INSERT INTO "LanguageNameLanguage" ("id_language_name", "id_language") VALUES (123, 1);
INSERT INTO "LanguageNameLanguage" ("id_language_name", "id_language") VALUES (123, 3);
INSERT INTO "LanguageNameLanguage" ("id_language_name", "id_language") VALUES (124, 31);
INSERT INTO "LanguageNameLanguage" ("id_language_name", "id_language") VALUES (125, 2);
INSERT INTO "LanguageNameLanguage" ("id_language_name", "id_language") VALUES (126, 10);
INSERT INTO "LanguageNameLanguage" ("id_language_name", "id_language") VALUES (127, 11);
INSERT INTO "LanguageNameLanguage" ("id_language_name", "id_language") VALUES (128, 1);
INSERT INTO "LanguageNameLanguage" ("id_language_name", "id_language") VALUES (128, 3);
INSERT INTO "LanguageNameLanguage" ("id_language_name", "id_language") VALUES (129, 2);
INSERT INTO "LanguageNameLanguage" ("id_language_name", "id_language") VALUES (130, 10);
INSERT INTO "LanguageNameLanguage" ("id_language_name", "id_language") VALUES (131, 11);
INSERT INTO "LanguageNameLanguage" ("id_language_name", "id_language") VALUES (132, 1);
INSERT INTO "LanguageNameLanguage" ("id_language_name", "id_language") VALUES (132, 3);
INSERT INTO "LanguageNameLanguage" ("id_language_name", "id_language") VALUES (133, 2);
INSERT INTO "LanguageNameLanguage" ("id_language_name", "id_language") VALUES (134, 10);
INSERT INTO "LanguageNameLanguage" ("id_language_name", "id_language") VALUES (135, 11);
INSERT INTO "LanguageNameLanguage" ("id_language_name", "id_language") VALUES (136, 1);
INSERT INTO "LanguageNameLanguage" ("id_language_name", "id_language") VALUES (136, 3);
INSERT INTO "LanguageNameLanguage" ("id_language_name", "id_language") VALUES (137, 2);
INSERT INTO "LanguageNameLanguage" ("id_language_name", "id_language") VALUES (138, 10);
INSERT INTO "LanguageNameLanguage" ("id_language_name", "id_language") VALUES (139, 11);
INSERT INTO "LanguageNameLanguage" ("id_language_name", "id_language") VALUES (140, 1);
INSERT INTO "LanguageNameLanguage" ("id_language_name", "id_language") VALUES (140, 3);
INSERT INTO "LanguageNameLanguage" ("id_language_name", "id_language") VALUES (141, 2);
INSERT INTO "LanguageNameLanguage" ("id_language_name", "id_language") VALUES (142, 10);
INSERT INTO "LanguageNameLanguage" ("id_language_name", "id_language") VALUES (143, 11);
INSERT INTO "LanguageNameLanguage" ("id_language_name", "id_language") VALUES (144, 1);
INSERT INTO "LanguageNameLanguage" ("id_language_name", "id_language") VALUES (144, 3);
INSERT INTO "LanguageNameLanguage" ("id_language_name", "id_language") VALUES (145, 36);
INSERT INTO "LanguageNameLanguage" ("id_language_name", "id_language") VALUES (146, 2);
INSERT INTO "LanguageNameLanguage" ("id_language_name", "id_language") VALUES (147, 10);
INSERT INTO "LanguageNameLanguage" ("id_language_name", "id_language") VALUES (148, 11);
INSERT INTO "LanguageNameLanguage" ("id_language_name", "id_language") VALUES (149, 1);
INSERT INTO "LanguageNameLanguage" ("id_language_name", "id_language") VALUES (149, 3);
INSERT INTO "LanguageNameLanguage" ("id_language_name", "id_language") VALUES (150, 2);
INSERT INTO "LanguageNameLanguage" ("id_language_name", "id_language") VALUES (151, 10);
INSERT INTO "LanguageNameLanguage" ("id_language_name", "id_language") VALUES (152, 11);
INSERT INTO "LanguageNameLanguage" ("id_language_name", "id_language") VALUES (153, 1);
INSERT INTO "LanguageNameLanguage" ("id_language_name", "id_language") VALUES (153, 3);
INSERT INTO "LanguageNameLanguage" ("id_language_name", "id_language") VALUES (154, 2);
INSERT INTO "LanguageNameLanguage" ("id_language_name", "id_language") VALUES (155, 10);
INSERT INTO "LanguageNameLanguage" ("id_language_name", "id_language") VALUES (156, 11);
INSERT INTO "LanguageNameLanguage" ("id_language_name", "id_language") VALUES (157, 1);
INSERT INTO "LanguageNameLanguage" ("id_language_name", "id_language") VALUES (158, 3);
INSERT INTO "LanguageNameLanguage" ("id_language_name", "id_language") VALUES (159, 2);
INSERT INTO "LanguageNameLanguage" ("id_language_name", "id_language") VALUES (160, 10);
INSERT INTO "LanguageNameLanguage" ("id_language_name", "id_language") VALUES (161, 11);
INSERT INTO "LanguageNameLanguage" ("id_language_name", "id_language") VALUES (162, 1);
INSERT INTO "LanguageNameLanguage" ("id_language_name", "id_language") VALUES (163, 3);
INSERT INTO "LanguageNameLanguage" ("id_language_name", "id_language") VALUES (164, 2);
INSERT INTO "LanguageNameLanguage" ("id_language_name", "id_language") VALUES (165, 10);
INSERT INTO "LanguageNameLanguage" ("id_language_name", "id_language") VALUES (166, 11);
INSERT INTO "LanguageNameLanguage" ("id_language_name", "id_language") VALUES (167, 1);
INSERT INTO "LanguageNameLanguage" ("id_language_name", "id_language") VALUES (168, 3);
INSERT INTO "LanguageNameLanguage" ("id_language_name", "id_language") VALUES (169, 2);
INSERT INTO "LanguageNameLanguage" ("id_language_name", "id_language") VALUES (170, 10);
INSERT INTO "LanguageNameLanguage" ("id_language_name", "id_language") VALUES (171, 11);
INSERT INTO "LanguageNameLanguage" ("id_language_name", "id_language") VALUES (172, 1);
INSERT INTO "LanguageNameLanguage" ("id_language_name", "id_language") VALUES (172, 3);
INSERT INTO "LanguageNameLanguage" ("id_language_name", "id_language") VALUES (173, 2);
INSERT INTO "LanguageNameLanguage" ("id_language_name", "id_language") VALUES (173, 10);
INSERT INTO "LanguageNameLanguage" ("id_language_name", "id_language") VALUES (173, 1);
INSERT INTO "LanguageNameLanguage" ("id_language_name", "id_language") VALUES (173, 3);
INSERT INTO "LanguageNameLanguage" ("id_language_name", "id_language") VALUES (174, 11);
INSERT INTO "LanguageNameLanguage" ("id_language_name", "id_language") VALUES (175, 2);
INSERT INTO "LanguageNameLanguage" ("id_language_name", "id_language") VALUES (176, 2);
INSERT INTO "LanguageNameLanguage" ("id_language_name", "id_language") VALUES (177, 10);
INSERT INTO "LanguageNameLanguage" ("id_language_name", "id_language") VALUES (178, 11);
INSERT INTO "LanguageNameLanguage" ("id_language_name", "id_language") VALUES (179, 1);
INSERT INTO "LanguageNameLanguage" ("id_language_name", "id_language") VALUES (179, 3);
INSERT INTO "LanguageNameLanguage" ("id_language_name", "id_language") VALUES (180, 2);
INSERT INTO "LanguageNameLanguage" ("id_language_name", "id_language") VALUES (181, 10);
INSERT INTO "LanguageNameLanguage" ("id_language_name", "id_language") VALUES (182, 11);
INSERT INTO "LanguageNameLanguage" ("id_language_name", "id_language") VALUES (183, 1);
INSERT INTO "LanguageNameLanguage" ("id_language_name", "id_language") VALUES (183, 3);
INSERT INTO "LanguageNameLanguage" ("id_language_name", "id_language") VALUES (184, 2);
INSERT INTO "LanguageNameLanguage" ("id_language_name", "id_language") VALUES (184, 1);
INSERT INTO "LanguageNameLanguage" ("id_language_name", "id_language") VALUES (184, 3);
INSERT INTO "LanguageNameLanguage" ("id_language_name", "id_language") VALUES (184, 10);
INSERT INTO "LanguageNameLanguage" ("id_language_name", "id_language") VALUES (185, 2);
INSERT INTO "LanguageNameLanguage" ("id_language_name", "id_language") VALUES (185, 10);
INSERT INTO "LanguageNameLanguage" ("id_language_name", "id_language") VALUES (186, 10);
INSERT INTO "LanguageNameLanguage" ("id_language_name", "id_language") VALUES (187, 11);
INSERT INTO "LanguageNameLanguage" ("id_language_name", "id_language") VALUES (188, 2);
INSERT INTO "LanguageNameLanguage" ("id_language_name", "id_language") VALUES (188, 10);
INSERT INTO "LanguageNameLanguage" ("id_language_name", "id_language") VALUES (188, 3);
INSERT INTO "LanguageNameLanguage" ("id_language_name", "id_language") VALUES (189, 11);
INSERT INTO "LanguageNameLanguage" ("id_language_name", "id_language") VALUES (190, 1);
INSERT INTO "LanguageNameLanguage" ("id_language_name", "id_language") VALUES (191, 2);
INSERT INTO "LanguageNameLanguage" ("id_language_name", "id_language") VALUES (191, 1);
INSERT INTO "LanguageNameLanguage" ("id_language_name", "id_language") VALUES (191, 3);
INSERT INTO "LanguageNameLanguage" ("id_language_name", "id_language") VALUES (191, 10);
INSERT INTO "LanguageNameLanguage" ("id_language_name", "id_language") VALUES (192, 11);
INSERT INTO "LanguageNameLanguage" ("id_language_name", "id_language") VALUES (193, 2);
INSERT INTO "LanguageNameLanguage" ("id_language_name", "id_language") VALUES (193, 1);
INSERT INTO "LanguageNameLanguage" ("id_language_name", "id_language") VALUES (193, 3);
INSERT INTO "LanguageNameLanguage" ("id_language_name", "id_language") VALUES (193, 10);
INSERT INTO "LanguageNameLanguage" ("id_language_name", "id_language") VALUES (194, 11);
INSERT INTO "LanguageNameLanguage" ("id_language_name", "id_language") VALUES (195, 2);
INSERT INTO "LanguageNameLanguage" ("id_language_name", "id_language") VALUES (196, 2);
INSERT INTO "LanguageNameLanguage" ("id_language_name", "id_language") VALUES (197, 10);
INSERT INTO "LanguageNameLanguage" ("id_language_name", "id_language") VALUES (198, 10);
INSERT INTO "LanguageNameLanguage" ("id_language_name", "id_language") VALUES (199, 11);
INSERT INTO "LanguageNameLanguage" ("id_language_name", "id_language") VALUES (200, 1);
INSERT INTO "LanguageNameLanguage" ("id_language_name", "id_language") VALUES (200, 3);
INSERT INTO "LanguageNameLanguage" ("id_language_name", "id_language") VALUES (201, 2);
INSERT INTO "LanguageNameLanguage" ("id_language_name", "id_language") VALUES (202, 10);
INSERT INTO "LanguageNameLanguage" ("id_language_name", "id_language") VALUES (203, 11);
INSERT INTO "LanguageNameLanguage" ("id_language_name", "id_language") VALUES (204, 1);
INSERT INTO "LanguageNameLanguage" ("id_language_name", "id_language") VALUES (204, 3);
INSERT INTO "LanguageNameLanguage" ("id_language_name", "id_language") VALUES (205, 2);
INSERT INTO "LanguageNameLanguage" ("id_language_name", "id_language") VALUES (206, 10);
INSERT INTO "LanguageNameLanguage" ("id_language_name", "id_language") VALUES (207, 11);
INSERT INTO "LanguageNameLanguage" ("id_language_name", "id_language") VALUES (208, 1);
INSERT INTO "LanguageNameLanguage" ("id_language_name", "id_language") VALUES (208, 3);
INSERT INTO "LanguageNameLanguage" ("id_language_name", "id_language") VALUES (209, 1);
INSERT INTO "LanguageNameLanguage" ("id_language_name", "id_language") VALUES (210, 2);
INSERT INTO "LanguageNameLanguage" ("id_language_name", "id_language") VALUES (211, 10);
INSERT INTO "LanguageNameLanguage" ("id_language_name", "id_language") VALUES (212, 11);
INSERT INTO "LanguageNameLanguage" ("id_language_name", "id_language") VALUES (213, 1);
INSERT INTO "LanguageNameLanguage" ("id_language_name", "id_language") VALUES (213, 3);
INSERT INTO "LanguageNameLanguage" ("id_language_name", "id_language") VALUES (214, 2);
INSERT INTO "LanguageNameLanguage" ("id_language_name", "id_language") VALUES (215, 10);
INSERT INTO "LanguageNameLanguage" ("id_language_name", "id_language") VALUES (216, 11);
INSERT INTO "LanguageNameLanguage" ("id_language_name", "id_language") VALUES (217, 1);
INSERT INTO "LanguageNameLanguage" ("id_language_name", "id_language") VALUES (217, 3);
INSERT INTO "LanguageNameLanguage" ("id_language_name", "id_language") VALUES (218, 2);
INSERT INTO "LanguageNameLanguage" ("id_language_name", "id_language") VALUES (219, 10);
INSERT INTO "LanguageNameLanguage" ("id_language_name", "id_language") VALUES (220, 11);
INSERT INTO "LanguageNameLanguage" ("id_language_name", "id_language") VALUES (221, 1);
INSERT INTO "LanguageNameLanguage" ("id_language_name", "id_language") VALUES (221, 3);
INSERT INTO "LanguageNameLanguage" ("id_language_name", "id_language") VALUES (222, 2);
INSERT INTO "LanguageNameLanguage" ("id_language_name", "id_language") VALUES (223, 10);
INSERT INTO "LanguageNameLanguage" ("id_language_name", "id_language") VALUES (224, 11);
INSERT INTO "LanguageNameLanguage" ("id_language_name", "id_language") VALUES (225, 1);
INSERT INTO "LanguageNameLanguage" ("id_language_name", "id_language") VALUES (225, 3);
INSERT INTO "LanguageNameLanguage" ("id_language_name", "id_language") VALUES (226, 1);
INSERT INTO "LanguageNameLanguage" ("id_language_name", "id_language") VALUES (226, 3);
INSERT INTO "LanguageNameLanguage" ("id_language_name", "id_language") VALUES (227, 2);
INSERT INTO "LanguageNameLanguage" ("id_language_name", "id_language") VALUES (228, 10);
INSERT INTO "LanguageNameLanguage" ("id_language_name", "id_language") VALUES (229, 11);
INSERT INTO "LanguageNameLanguage" ("id_language_name", "id_language") VALUES (230, 1);
INSERT INTO "LanguageNameLanguage" ("id_language_name", "id_language") VALUES (230, 3);
INSERT INTO "LanguageNameLanguage" ("id_language_name", "id_language") VALUES (231, 2);
INSERT INTO "LanguageNameLanguage" ("id_language_name", "id_language") VALUES (232, 2);
INSERT INTO "LanguageNameLanguage" ("id_language_name", "id_language") VALUES (233, 2);
INSERT INTO "LanguageNameLanguage" ("id_language_name", "id_language") VALUES (234, 10);
INSERT INTO "LanguageNameLanguage" ("id_language_name", "id_language") VALUES (235, 10);
INSERT INTO "LanguageNameLanguage" ("id_language_name", "id_language") VALUES (236, 11);
INSERT INTO "LanguageNameLanguage" ("id_language_name", "id_language") VALUES (237, 1);
INSERT INTO "LanguageNameLanguage" ("id_language_name", "id_language") VALUES (237, 3);
INSERT INTO "LanguageNameLanguage" ("id_language_name", "id_language") VALUES (238, 1);
INSERT INTO "LanguageNameLanguage" ("id_language_name", "id_language") VALUES (238, 3);
INSERT INTO "LanguageNameLanguage" ("id_language_name", "id_language") VALUES (239, 2);
INSERT INTO "LanguageNameLanguage" ("id_language_name", "id_language") VALUES (240, 10);
INSERT INTO "LanguageNameLanguage" ("id_language_name", "id_language") VALUES (241, 11);
INSERT INTO "LanguageNameLanguage" ("id_language_name", "id_language") VALUES (242, 1);
INSERT INTO "LanguageNameLanguage" ("id_language_name", "id_language") VALUES (243, 3);
INSERT INTO "LanguageNameLanguage" ("id_language_name", "id_language") VALUES (244, 2);
INSERT INTO "LanguageNameLanguage" ("id_language_name", "id_language") VALUES (245, 10);
INSERT INTO "LanguageNameLanguage" ("id_language_name", "id_language") VALUES (246, 11);
INSERT INTO "LanguageNameLanguage" ("id_language_name", "id_language") VALUES (247, 1);
INSERT INTO "LanguageNameLanguage" ("id_language_name", "id_language") VALUES (247, 3);
INSERT INTO "LanguageNameLanguage" ("id_language_name", "id_language") VALUES (248, 2);
INSERT INTO "LanguageNameLanguage" ("id_language_name", "id_language") VALUES (248, 1);
INSERT INTO "LanguageNameLanguage" ("id_language_name", "id_language") VALUES (248, 3);
INSERT INTO "LanguageNameLanguage" ("id_language_name", "id_language") VALUES (248, 11);
INSERT INTO "LanguageNameLanguage" ("id_language_name", "id_language") VALUES (249, 10);
INSERT INTO "LanguageNameLanguage" ("id_language_name", "id_language") VALUES (250, 2);
INSERT INTO "LanguageNameLanguage" ("id_language_name", "id_language") VALUES (251, 10);
INSERT INTO "LanguageNameLanguage" ("id_language_name", "id_language") VALUES (252, 11);
INSERT INTO "LanguageNameLanguage" ("id_language_name", "id_language") VALUES (253, 1);
INSERT INTO "LanguageNameLanguage" ("id_language_name", "id_language") VALUES (253, 3);
INSERT INTO "LanguageNameLanguage" ("id_language_name", "id_language") VALUES (254, 1);
INSERT INTO "LanguageNameLanguage" ("id_language_name", "id_language") VALUES (254, 2);
INSERT INTO "LanguageNameLanguage" ("id_language_name", "id_language") VALUES (254, 3);
INSERT INTO "LanguageNameLanguage" ("id_language_name", "id_language") VALUES (254, 10);
INSERT INTO "LanguageNameLanguage" ("id_language_name", "id_language") VALUES (254, 11);
INSERT INTO "LanguageNameLanguage" ("id_language_name", "id_language") VALUES (255, 2);
INSERT INTO "LanguageNameLanguage" ("id_language_name", "id_language") VALUES (256, 10);
INSERT INTO "LanguageNameLanguage" ("id_language_name", "id_language") VALUES (257, 11);
INSERT INTO "LanguageNameLanguage" ("id_language_name", "id_language") VALUES (258, 1);
INSERT INTO "LanguageNameLanguage" ("id_language_name", "id_language") VALUES (258, 3);
INSERT INTO "LanguageNameLanguage" ("id_language_name", "id_language") VALUES (259, 2);
INSERT INTO "LanguageNameLanguage" ("id_language_name", "id_language") VALUES (260, 10);
INSERT INTO "LanguageNameLanguage" ("id_language_name", "id_language") VALUES (261, 11);
INSERT INTO "LanguageNameLanguage" ("id_language_name", "id_language") VALUES (262, 1);
INSERT INTO "LanguageNameLanguage" ("id_language_name", "id_language") VALUES (262, 3);
INSERT INTO "LanguageNameLanguage" ("id_language_name", "id_language") VALUES (263, 2);
INSERT INTO "LanguageNameLanguage" ("id_language_name", "id_language") VALUES (264, 10);
INSERT INTO "LanguageNameLanguage" ("id_language_name", "id_language") VALUES (265, 11);
INSERT INTO "LanguageNameLanguage" ("id_language_name", "id_language") VALUES (266, 1);
INSERT INTO "LanguageNameLanguage" ("id_language_name", "id_language") VALUES (266, 3);
INSERT INTO "LanguageNameLanguage" ("id_language_name", "id_language") VALUES (267, 2);
INSERT INTO "LanguageNameLanguage" ("id_language_name", "id_language") VALUES (267, 1);
INSERT INTO "LanguageNameLanguage" ("id_language_name", "id_language") VALUES (267, 3);
INSERT INTO "LanguageNameLanguage" ("id_language_name", "id_language") VALUES (268, 10);
INSERT INTO "LanguageNameLanguage" ("id_language_name", "id_language") VALUES (269, 11);
INSERT INTO "LanguageNameLanguage" ("id_language_name", "id_language") VALUES (270, 2);
INSERT INTO "LanguageNameLanguage" ("id_language_name", "id_language") VALUES (271, 10);
INSERT INTO "LanguageNameLanguage" ("id_language_name", "id_language") VALUES (272, 11);
INSERT INTO "LanguageNameLanguage" ("id_language_name", "id_language") VALUES (273, 1);
INSERT INTO "LanguageNameLanguage" ("id_language_name", "id_language") VALUES (273, 3);
INSERT INTO "LanguageNameLanguage" ("id_language_name", "id_language") VALUES (274, 2);
INSERT INTO "LanguageNameLanguage" ("id_language_name", "id_language") VALUES (275, 10);
INSERT INTO "LanguageNameLanguage" ("id_language_name", "id_language") VALUES (276, 11);
INSERT INTO "LanguageNameLanguage" ("id_language_name", "id_language") VALUES (277, 1);
INSERT INTO "LanguageNameLanguage" ("id_language_name", "id_language") VALUES (278, 3);
INSERT INTO "LanguageNameLanguage" ("id_language_name", "id_language") VALUES (279, 70);
INSERT INTO "LanguageNameLanguage" ("id_language_name", "id_language") VALUES (280, 2);
INSERT INTO "LanguageNameLanguage" ("id_language_name", "id_language") VALUES (281, 10);
INSERT INTO "LanguageNameLanguage" ("id_language_name", "id_language") VALUES (282, 11);
INSERT INTO "LanguageNameLanguage" ("id_language_name", "id_language") VALUES (283, 1);
INSERT INTO "LanguageNameLanguage" ("id_language_name", "id_language") VALUES (283, 3);
INSERT INTO "LanguageNameLanguage" ("id_language_name", "id_language") VALUES (284, 2);
INSERT INTO "LanguageNameLanguage" ("id_language_name", "id_language") VALUES (284, 10);
INSERT INTO "LanguageNameLanguage" ("id_language_name", "id_language") VALUES (284, 1);
INSERT INTO "LanguageNameLanguage" ("id_language_name", "id_language") VALUES (284, 3);
INSERT INTO "LanguageNameLanguage" ("id_language_name", "id_language") VALUES (285, 2);
INSERT INTO "LanguageNameLanguage" ("id_language_name", "id_language") VALUES (285, 10);
INSERT INTO "LanguageNameLanguage" ("id_language_name", "id_language") VALUES (285, 11);
INSERT INTO "LanguageNameLanguage" ("id_language_name", "id_language") VALUES (286, 2);
INSERT INTO "LanguageNameLanguage" ("id_language_name", "id_language") VALUES (287, 2);
INSERT INTO "LanguageNameLanguage" ("id_language_name", "id_language") VALUES (288, 1);
INSERT INTO "LanguageNameLanguage" ("id_language_name", "id_language") VALUES (288, 3);
INSERT INTO "LanguageNameLanguage" ("id_language_name", "id_language") VALUES (289, 1);
INSERT INTO "LanguageNameLanguage" ("id_language_name", "id_language") VALUES (289, 3);
INSERT INTO "LanguageNameLanguage" ("id_language_name", "id_language") VALUES (290, 2);
INSERT INTO "LanguageNameLanguage" ("id_language_name", "id_language") VALUES (291, 2);
INSERT INTO "LanguageNameLanguage" ("id_language_name", "id_language") VALUES (292, 2);
INSERT INTO "LanguageNameLanguage" ("id_language_name", "id_language") VALUES (293, 1);
INSERT INTO "LanguageNameLanguage" ("id_language_name", "id_language") VALUES (294, 1);
INSERT INTO "LanguageNameLanguage" ("id_language_name", "id_language") VALUES (294, 3);
INSERT INTO "LanguageNameLanguage" ("id_language_name", "id_language") VALUES (295, 2);
INSERT INTO "LanguageNameLanguage" ("id_language_name", "id_language") VALUES (296, 1);
INSERT INTO "LanguageNameLanguage" ("id_language_name", "id_language") VALUES (297, 1);
INSERT INTO "LanguageNameLanguage" ("id_language_name", "id_language") VALUES (297, 3);
INSERT INTO "LanguageNameLanguage" ("id_language_name", "id_language") VALUES (298, 2);
INSERT INTO "LanguageNameLanguage" ("id_language_name", "id_language") VALUES (299, 10);
INSERT INTO "LanguageNameLanguage" ("id_language_name", "id_language") VALUES (300, 11);
INSERT INTO "LanguageNameLanguage" ("id_language_name", "id_language") VALUES (301, 1);
INSERT INTO "LanguageNameLanguage" ("id_language_name", "id_language") VALUES (301, 3);
INSERT INTO "LanguageNameLanguage" ("id_language_name", "id_language") VALUES (302, 2);
INSERT INTO "LanguageNameLanguage" ("id_language_name", "id_language") VALUES (303, 2);
INSERT INTO "LanguageNameLanguage" ("id_language_name", "id_language") VALUES (304, 2);
INSERT INTO "LanguageNameLanguage" ("id_language_name", "id_language") VALUES (305, 2);
INSERT INTO "LanguageNameLanguage" ("id_language_name", "id_language") VALUES (306, 1);
INSERT INTO "LanguageNameLanguage" ("id_language_name", "id_language") VALUES (306, 3);
INSERT INTO "LanguageNameLanguage" ("id_language_name", "id_language") VALUES (307, 1);
INSERT INTO "LanguageNameLanguage" ("id_language_name", "id_language") VALUES (307, 3);
INSERT INTO "LanguageNameLanguage" ("id_language_name", "id_language") VALUES (308, 1);
INSERT INTO "LanguageNameLanguage" ("id_language_name", "id_language") VALUES (308, 3);
INSERT INTO "LanguageNameLanguage" ("id_language_name", "id_language") VALUES (309, 1);
INSERT INTO "LanguageNameLanguage" ("id_language_name", "id_language") VALUES (309, 3);
INSERT INTO "LanguageNameLanguage" ("id_language_name", "id_language") VALUES (310, 2);
INSERT INTO "LanguageNameLanguage" ("id_language_name", "id_language") VALUES (311, 1);
INSERT INTO "LanguageNameLanguage" ("id_language_name", "id_language") VALUES (311, 3);
INSERT INTO "LanguageNameLanguage" ("id_language_name", "id_language") VALUES (312, 2);
INSERT INTO "LanguageNameLanguage" ("id_language_name", "id_language") VALUES (313, 1);
INSERT INTO "LanguageNameLanguage" ("id_language_name", "id_language") VALUES (314, 3);
INSERT INTO "LanguageNameLanguage" ("id_language_name", "id_language") VALUES (315, 1);
INSERT INTO "LanguageNameLanguage" ("id_language_name", "id_language") VALUES (315, 3);
INSERT INTO "LanguageNameLanguage" ("id_language_name", "id_language") VALUES (316, 1);
INSERT INTO "LanguageNameLanguage" ("id_language_name", "id_language") VALUES (317, 1);
INSERT INTO "LanguageNameLanguage" ("id_language_name", "id_language") VALUES (317, 3);
INSERT INTO "LanguageNameLanguage" ("id_language_name", "id_language") VALUES (318, 1);
INSERT INTO "LanguageNameLanguage" ("id_language_name", "id_language") VALUES (319, 2);
INSERT INTO "LanguageNameLanguage" ("id_language_name", "id_language") VALUES (320, 1);
INSERT INTO "LanguageNameLanguage" ("id_language_name", "id_language") VALUES (320, 3);
INSERT INTO "LanguageNameLanguage" ("id_language_name", "id_language") VALUES (321, 1);
INSERT INTO "LanguageNameLanguage" ("id_language_name", "id_language") VALUES (322, 1);
INSERT INTO "LanguageNameLanguage" ("id_language_name", "id_language") VALUES (322, 3);
INSERT INTO "LanguageNameLanguage" ("id_language_name", "id_language") VALUES (323, 1);
INSERT INTO "LanguageNameLanguage" ("id_language_name", "id_language") VALUES (324, 1);
INSERT INTO "LanguageNameLanguage" ("id_language_name", "id_language") VALUES (324, 3);
INSERT INTO "LanguageNameLanguage" ("id_language_name", "id_language") VALUES (325, 2);
INSERT INTO "LanguageNameLanguage" ("id_language_name", "id_language") VALUES (326, 1);
INSERT INTO "LanguageNameLanguage" ("id_language_name", "id_language") VALUES (326, 3);
INSERT INTO "LanguageNameLanguage" ("id_language_name", "id_language") VALUES (327, 1);
INSERT INTO "LanguageNameLanguage" ("id_language_name", "id_language") VALUES (328, 1);
INSERT INTO "LanguageNameLanguage" ("id_language_name", "id_language") VALUES (328, 3);
INSERT INTO "LanguageNameLanguage" ("id_language_name", "id_language") VALUES (329, 1);
INSERT INTO "LanguageNameLanguage" ("id_language_name", "id_language") VALUES (330, 1);
INSERT INTO "LanguageNameLanguage" ("id_language_name", "id_language") VALUES (330, 3);
INSERT INTO "LanguageNameLanguage" ("id_language_name", "id_language") VALUES (331, 2);
INSERT INTO "LanguageNameLanguage" ("id_language_name", "id_language") VALUES (332, 2);
INSERT INTO "LanguageNameLanguage" ("id_language_name", "id_language") VALUES (333, 1);
INSERT INTO "LanguageNameLanguage" ("id_language_name", "id_language") VALUES (334, 1);
INSERT INTO "LanguageNameLanguage" ("id_language_name", "id_language") VALUES (335, 1);
INSERT INTO "LanguageNameLanguage" ("id_language_name", "id_language") VALUES (336, 1);
INSERT INTO "LanguageNameLanguage" ("id_language_name", "id_language") VALUES (337, 1);
INSERT INTO "LanguageNameLanguage" ("id_language_name", "id_language") VALUES (337, 3);
INSERT INTO "LanguageNameLanguage" ("id_language_name", "id_language") VALUES (338, 1);
INSERT INTO "LanguageNameLanguage" ("id_language_name", "id_language") VALUES (338, 3);
INSERT INTO "LanguageNameLanguage" ("id_language_name", "id_language") VALUES (339, 3);
INSERT INTO "LanguageNameLanguage" ("id_language_name", "id_language") VALUES (340, 3);
INSERT INTO "LanguageNameLanguage" ("id_language_name", "id_language") VALUES (341, 2);
INSERT INTO "LanguageNameLanguage" ("id_language_name", "id_language") VALUES (342, 2);
INSERT INTO "LanguageNameLanguage" ("id_language_name", "id_language") VALUES (343, 2);
INSERT INTO "LanguageNameLanguage" ("id_language_name", "id_language") VALUES (344, 1);
INSERT INTO "LanguageNameLanguage" ("id_language_name", "id_language") VALUES (345, 3);
INSERT INTO "LanguageNameLanguage" ("id_language_name", "id_language") VALUES (346, 1);
INSERT INTO "LanguageNameLanguage" ("id_language_name", "id_language") VALUES (346, 3);
INSERT INTO "LanguageNameLanguage" ("id_language_name", "id_language") VALUES (347, 1);
INSERT INTO "LanguageNameLanguage" ("id_language_name", "id_language") VALUES (348, 3);






INSERT INTO "LanguageDescription" ("id", "active", "description", "id_language") VALUES (1, 1, "A Romance language with roots in medieval Latin, this is spoken by around 2.4 million people primarily in an autonomous community in northwestern Spain. The language is officially recognized by the Spanish government and used in various aspects of daily life including education, media and government communications.", 1);
INSERT INTO "LanguageDescription" ("id", "active", "description", "id_language") VALUES (2, 1, "Unha lingua romance con raíces no latín medieval, esta é falada por aproximadamente 2,4 millóns de persoas principalmente nunha comunidade autónoma no noroeste de España. A lingua é oficialmente recoñecida polo goberno español e utilizada en varios aspectos da vida diaria, incluíndo educación, medios e comunicacións gubernamentais.", 1);
INSERT INTO "LanguageDescription" ("id", "active", "description", "id_language") VALUES (3, 1, "Un idioma romance con raíces en el latín medieval, se habla por alrededor de 2.4 millones de personas principalmente en una comunidad autónoma en el noroeste de España. El idioma es reconocido oficialmente por el gobierno español y se utiliza en varios aspectos de la vida diaria, incluyendo educación, medios y comunicaciones gubernamentales.", 1);
INSERT INTO "LanguageDescription" ("id", "active", "description", "id_language") VALUES (4, 1, "A West Germanic language that originated in England and is now the most widely used language in the world for international communication. It is the primary language used in the United Kingdom, the United States, Canada, Australia, and many other countries, and it is also widely spoken as a second language around the world. English is used for business, scientific, and technological purposes and is widely studied as a foreign language.", 2);
INSERT INTO "LanguageDescription" ("id", "active", "description", "id_language") VALUES (5, 1, "Idioma xermánico occidental que se originou en Inglaterra e agora é o idioma máis utilizado no mundo para a comunicación internacional. É o idioma principal usado no Reino Unido, Estados Unidos, Canadá, Australia e moitos outros países, e tamén se fala amplamente como segunda lingua en todo o mundo. O inglés usase para fins de negocios, científicos e tecnolóxicos e está amplamente estudado como lingua estranxeira.", 2);
INSERT INTO "LanguageDescription" ("id", "active", "description", "id_language") VALUES (6, 1, "Idioma germánico occidental que se originó en Inglaterra y es ahora el idioma más utilizado en el mundo para la comunicación internacional. Es el idioma principal utilizado en el Reino Unido, los Estados Unidos, Canadá, Australia y muchos otros países, y también se habla ampliamente como segundo idioma en todo el mundo. El inglés se utiliza para fines de negocios, científicos y tecnológicos y está ampliamente estudiado como idioma extranjero.", 2);
INSERT INTO "LanguageDescription" ("id", "active", "description", "id_language") VALUES (7, 1, "Romance language with over 460 million speakers as a first language, Spanish originated in the Castilla region of Spain but is now widely spoken in many countries in the Americas. It has a rich history, evolving from a mix of Latin, Visigothic, and Mozarabic languages, and is now the official language of Spain. Spanish is widely used in various aspects of daily life, including education, media, government and commerce, and is also one of the six official languages of the United Nations.", 3);
INSERT INTO "LanguageDescription" ("id", "active", "description", "id_language") VALUES (8, 1, "Lingua romance con máis de 460 millóns de falantes como lingua materna, o español originouse na rexión de Castilla de España, pero agora é amplamente falado en moitos países de América. Ten unha rica historia, evoluíndo a partir dunha mistura de latín, visigodo e mozárabe, e é agora a lingua oficial de España. O español é amplamente utilizado en varios aspectos da vida diaria, incluíndo educación, medios, goberno e comercio, e tamén é un dos seis idiomas oficiais das Nacións Unidas.", 3);
INSERT INTO "LanguageDescription" ("id", "active", "description", "id_language") VALUES (9, 1, "Idioma romance con más de 460 millones de hablantes como lengua materna, el español se originó en la región de Castilla de España, pero ahora se habla ampliamente en muchos países de América. Tiene una rica historia, evolucionando a partir de una mezcla de latín, visigodo y mozárabe, y es ahora el idioma oficial de España. El español se utiliza ampliamente en varios aspectos de la vida diaria, incluyendo educación, medios, gobierno y comercio, y es también uno de los seis idiomas oficiales de las Naciones Unidas.", 3);

INSERT INTO "LanguageDescriptionLanguage" ("id_language_description", "id_language") VALUES (1, 2);
INSERT INTO "LanguageDescriptionLanguage" ("id_language_description", "id_language") VALUES (2, 1);
INSERT INTO "LanguageDescriptionLanguage" ("id_language_description", "id_language") VALUES (3, 3);
INSERT INTO "LanguageDescriptionLanguage" ("id_language_description", "id_language") VALUES (4, 2);
INSERT INTO "LanguageDescriptionLanguage" ("id_language_description", "id_language") VALUES (5, 1);
INSERT INTO "LanguageDescriptionLanguage" ("id_language_description", "id_language") VALUES (6, 3);
INSERT INTO "LanguageDescriptionLanguage" ("id_language_description", "id_language") VALUES (7, 2);
INSERT INTO "LanguageDescriptionLanguage" ("id_language_description", "id_language") VALUES (8, 1);
INSERT INTO "LanguageDescriptionLanguage" ("id_language_description", "id_language") VALUES (9, 3);







INSERT INTO "LanguageCode" ("active", "id_language", "id_code", "codename") values (1, 1, 1, "gl");
INSERT INTO "LanguageCode" ("active", "id_language", "id_code", "codename") values (1, 2, 1, "en");
INSERT INTO "LanguageCode" ("active", "id_language", "id_code", "codename") values (1, 3, 1, "es");
INSERT INTO "LanguageCode" ("active", "id_language", "id_code", "codename") values (1, 4, 1, "la");
INSERT INTO "LanguageCode" ("active", "id_language", "id_code", "codename") values (1, 5, 1, "it");
INSERT INTO "LanguageCode" ("active", "id_language", "id_code", "codename") values (1, 6, 1, "ru");
INSERT INTO "LanguageCode" ("active", "id_language", "id_code", "codename") values (1, 7, 1, "pt");
INSERT INTO "LanguageCode" ("active", "id_language", "id_code", "codename") values (1, 8, 1, "eu");
INSERT INTO "LanguageCode" ("active", "id_language", "id_code", "codename") values (1, 9, 1, "ca");
INSERT INTO "LanguageCode" ("active", "id_language", "id_code", "codename") values (1, 10, 1, "fr");
INSERT INTO "LanguageCode" ("active", "id_language", "id_code", "codename") values (1, 11, 1, "de");
INSERT INTO "LanguageCode" ("active", "id_language", "id_code", "codename") values (1, 12, 1, "ar");
INSERT INTO "LanguageCode" ("active", "id_language", "id_code", "codename") values (1, 13, 1, "eo");
INSERT INTO "LanguageCode" ("active", "id_language", "id_code", "codename") values (1, 14, 1, "zu");
INSERT INTO "LanguageCode" ("active", "id_language", "id_code", "codename") values (1, 15, 1, "xh");
INSERT INTO "LanguageCode" ("active", "id_language", "id_code", "codename") values (1, 16, 1, "af");
INSERT INTO "LanguageCode" ("active", "id_language", "id_code", "codename") values (1, 18, 1, "tn");
INSERT INTO "LanguageCode" ("active", "id_language", "id_code", "codename") values (1, 19, 1, "st");
INSERT INTO "LanguageCode" ("active", "id_language", "id_code", "codename") values (1, 20, 1, "ts");
INSERT INTO "LanguageCode" ("active", "id_language", "id_code", "codename") values (1, 21, 1, "ss");
INSERT INTO "LanguageCode" ("active", "id_language", "id_code", "codename") values (1, 22, 1, "ve");
INSERT INTO "LanguageCode" ("active", "id_language", "id_code", "codename") values (1, 23, 1, "gd");
INSERT INTO "LanguageCode" ("active", "id_language", "id_code", "codename") values (1, 24, 1, "ja");
INSERT INTO "LanguageCode" ("active", "id_language", "id_code", "codename") values (1, 25, 1, "zh");
INSERT INTO "LanguageCode" ("active", "id_language", "id_code", "codename") values (1, 26, 1, "da");
INSERT INTO "LanguageCode" ("active", "id_language", "id_code", "codename") values (1, 27, 1, "kk");
INSERT INTO "LanguageCode" ("active", "id_language", "id_code", "codename") values (1, 28, 1, "uz");
INSERT INTO "LanguageCode" ("active", "id_language", "id_code", "codename") values (1, 29, 1, "fa");
INSERT INTO "LanguageCode" ("active", "id_language", "id_code", "codename") values (1, 30, 1, "ms");
INSERT INTO "LanguageCode" ("active", "id_language", "id_code", "codename") values (1, 31, 1, "lb");
INSERT INTO "LanguageCode" ("active", "id_language", "id_code", "codename") values (1, 32, 1, "pl");
INSERT INTO "LanguageCode" ("active", "id_language", "id_code", "codename") values (1, 33, 1, "ga");
INSERT INTO "LanguageCode" ("active", "id_language", "id_code", "codename") values (1, 35, 1, "cy");
INSERT INTO "LanguageCode" ("active", "id_language", "id_code", "codename") values (1, 36, 1, "sq");
INSERT INTO "LanguageCode" ("active", "id_language", "id_code", "codename") values (1, 37, 1, "no");
INSERT INTO "LanguageCode" ("active", "id_language", "id_code", "codename") values (1, 38, 1, "nb");
INSERT INTO "LanguageCode" ("active", "id_language", "id_code", "codename") values (1, 39, 1, "nn");
INSERT INTO "LanguageCode" ("active", "id_language", "id_code", "codename") values (1, 40, 1, "se");
INSERT INTO "LanguageCode" ("active", "id_language", "id_code", "codename") values (1, 43, 1, "mi");
INSERT INTO "LanguageCode" ("active", "id_language", "id_code", "codename") values (1, 44, 1, "sw");
INSERT INTO "LanguageCode" ("active", "id_language", "id_code", "codename") values (1, 45, 1, "ko");
INSERT INTO "LanguageCode" ("active", "id_language", "id_code", "codename") values (1, 46, 1, "he");
INSERT INTO "LanguageCode" ("active", "id_language", "id_code", "codename") values (1, 48, 1, "ay");
INSERT INTO "LanguageCode" ("active", "id_language", "id_code", "codename") values (1, 49, 1, "qu");
INSERT INTO "LanguageCode" ("active", "id_language", "id_code", "codename") values (1, 51, 1, "nl");
INSERT INTO "LanguageCode" ("active", "id_language", "id_code", "codename") values (1, 52, 1, "et");
INSERT INTO "LanguageCode" ("active", "id_language", "id_code", "codename") values (1, 53, 1, "fi");
INSERT INTO "LanguageCode" ("active", "id_language", "id_code", "codename") values (1, 54, 1, "lt");
INSERT INTO "LanguageCode" ("active", "id_language", "id_code", "codename") values (1, 55, 1, "sv");
INSERT INTO "LanguageCode" ("active", "id_language", "id_code", "codename") values (1, 56, 1, "tr");
INSERT INTO "LanguageCode" ("active", "id_language", "id_code", "codename") values (1, 57, 1, "uk");
INSERT INTO "LanguageCode" ("active", "id_language", "id_code", "codename") values (1, 58, 1, "hu");
INSERT INTO "LanguageCode" ("active", "id_language", "id_code", "codename") values (1, 59, 1, "ro");
INSERT INTO "LanguageCode" ("active", "id_language", "id_code", "codename") values (1, 61, 1, "mt");
INSERT INTO "LanguageCode" ("active", "id_language", "id_code", "codename") values (1, 62, 1, "ur");
INSERT INTO "LanguageCode" ("active", "id_language", "id_code", "codename") values (1, 63, 1, "ku");
INSERT INTO "LanguageCode" ("active", "id_language", "id_code", "codename") values (1, 64, 1, "hi");
INSERT INTO "LanguageCode" ("active", "id_language", "id_code", "codename") values (1, 65, 1, "bg");
INSERT INTO "LanguageCode" ("active", "id_language", "id_code", "codename") values (1, 66, 1, "cs");
INSERT INTO "LanguageCode" ("active", "id_language", "id_code", "codename") values (1, 67, 1, "hr");
INSERT INTO "LanguageCode" ("active", "id_language", "id_code", "codename") values (1, 68, 1, "th");
INSERT INTO "LanguageCode" ("active", "id_language", "id_code", "codename") values (1, 69, 1, "id");
INSERT INTO "LanguageCode" ("active", "id_language", "id_code", "codename") values (1, 70, 1, "el");
INSERT INTO "LanguageCode" ("active", "id_language", "id_code", "codename") values (1, 71, 1, "vi");
INSERT INTO "LanguageCode" ("active", "id_language", "id_code", "codename") values (1, 76, 1, "sr");
INSERT INTO "LanguageCode" ("active", "id_language", "id_code", "codename") values (1, 78, 1, "hy");



INSERT INTO "LanguageCode" ("active", "id_language", "id_code", "codename") values (1, 1, 2, "glg");
INSERT INTO "LanguageCode" ("active", "id_language", "id_code", "codename") values (1, 2, 2, "eng");
INSERT INTO "LanguageCode" ("active", "id_language", "id_code", "codename") values (1, 3, 2, "spa");
INSERT INTO "LanguageCode" ("active", "id_language", "id_code", "codename") values (1, 4, 2, "lat");
INSERT INTO "LanguageCode" ("active", "id_language", "id_code", "codename") values (1, 5, 2, "ita");
INSERT INTO "LanguageCode" ("active", "id_language", "id_code", "codename") values (1, 6, 2, "rus");
INSERT INTO "LanguageCode" ("active", "id_language", "id_code", "codename") values (1, 7, 2, "por");
INSERT INTO "LanguageCode" ("active", "id_language", "id_code", "codename") values (1, 8, 2, "baq");
INSERT INTO "LanguageCode" ("active", "id_language", "id_code", "codename") values (1, 9, 2, "cat");
INSERT INTO "LanguageCode" ("active", "id_language", "id_code", "codename") values (1, 10, 2, "fre");
INSERT INTO "LanguageCode" ("active", "id_language", "id_code", "codename") values (1, 11, 2, "ger");
INSERT INTO "LanguageCode" ("active", "id_language", "id_code", "codename") values (1, 12, 2, "ara");
INSERT INTO "LanguageCode" ("active", "id_language", "id_code", "codename") values (1, 13, 2, "epo");
INSERT INTO "LanguageCode" ("active", "id_language", "id_code", "codename") values (1, 14, 2, "zul");
INSERT INTO "LanguageCode" ("active", "id_language", "id_code", "codename") values (1, 15, 2, "xho");
INSERT INTO "LanguageCode" ("active", "id_language", "id_code", "codename") values (1, 16, 2, "afr");
INSERT INTO "LanguageCode" ("active", "id_language", "id_code", "codename") values (1, 17, 2, "nso");
INSERT INTO "LanguageCode" ("active", "id_language", "id_code", "codename") values (1, 18, 2, "tsn");
INSERT INTO "LanguageCode" ("active", "id_language", "id_code", "codename") values (1, 19, 2, "sot");
INSERT INTO "LanguageCode" ("active", "id_language", "id_code", "codename") values (1, 20, 2, "tso");
INSERT INTO "LanguageCode" ("active", "id_language", "id_code", "codename") values (1, 21, 2, "ssw");
INSERT INTO "LanguageCode" ("active", "id_language", "id_code", "codename") values (1, 22, 2, "ven");
INSERT INTO "LanguageCode" ("active", "id_language", "id_code", "codename") values (1, 23, 2, "gla");
INSERT INTO "LanguageCode" ("active", "id_language", "id_code", "codename") values (1, 24, 2, "jpn");
INSERT INTO "LanguageCode" ("active", "id_language", "id_code", "codename") values (1, 25, 2, "chi");
INSERT INTO "LanguageCode" ("active", "id_language", "id_code", "codename") values (1, 26, 2, "dan");
INSERT INTO "LanguageCode" ("active", "id_language", "id_code", "codename") values (1, 27, 2, "kaz");
INSERT INTO "LanguageCode" ("active", "id_language", "id_code", "codename") values (1, 28, 2, "uzb");
INSERT INTO "LanguageCode" ("active", "id_language", "id_code", "codename") values (1, 29, 2, "per");
INSERT INTO "LanguageCode" ("active", "id_language", "id_code", "codename") values (1, 30, 2, "may");
INSERT INTO "LanguageCode" ("active", "id_language", "id_code", "codename") values (1, 31, 2, "ltz");
INSERT INTO "LanguageCode" ("active", "id_language", "id_code", "codename") values (1, 32, 2, "pol");
INSERT INTO "LanguageCode" ("active", "id_language", "id_code", "codename") values (1, 33, 2, "gle");
INSERT INTO "LanguageCode" ("active", "id_language", "id_code", "codename") values (1, 34, 2, "sco");
INSERT INTO "LanguageCode" ("active", "id_language", "id_code", "codename") values (1, 35, 2, "wel");
INSERT INTO "LanguageCode" ("active", "id_language", "id_code", "codename") values (1, 36, 2, "alb");
INSERT INTO "LanguageCode" ("active", "id_language", "id_code", "codename") values (1, 37, 2, "nor");
INSERT INTO "LanguageCode" ("active", "id_language", "id_code", "codename") values (1, 38, 2, "nob");
INSERT INTO "LanguageCode" ("active", "id_language", "id_code", "codename") values (1, 39, 2, "nno");
INSERT INTO "LanguageCode" ("active", "id_language", "id_code", "codename") values (1, 40, 2, "sme");
INSERT INTO "LanguageCode" ("active", "id_language", "id_code", "codename") values (1, 41, 2, "sma");
INSERT INTO "LanguageCode" ("active", "id_language", "id_code", "codename") values (1, 42, 2, "smj");
INSERT INTO "LanguageCode" ("active", "id_language", "id_code", "codename") values (1, 43, 2, "mao");
INSERT INTO "LanguageCode" ("active", "id_language", "id_code", "codename") values (1, 44, 2, "swa");
INSERT INTO "LanguageCode" ("active", "id_language", "id_code", "codename") values (1, 45, 2, "kor");
INSERT INTO "LanguageCode" ("active", "id_language", "id_code", "codename") values (1, 46, 2, "heb");
INSERT INTO "LanguageCode" ("active", "id_language", "id_code", "codename") values (1, 47, 2, "arn");
INSERT INTO "LanguageCode" ("active", "id_language", "id_code", "codename") values (1, 48, 2, "aym");
INSERT INTO "LanguageCode" ("active", "id_language", "id_code", "codename") values (1, 49, 2, "que");
INSERT INTO "LanguageCode" ("active", "id_language", "id_code", "codename") values (1, 50, 2, "rap");
INSERT INTO "LanguageCode" ("active", "id_language", "id_code", "codename") values (1, 51, 2, "dut");
INSERT INTO "LanguageCode" ("active", "id_language", "id_code", "codename") values (1, 52, 2, "est");
INSERT INTO "LanguageCode" ("active", "id_language", "id_code", "codename") values (1, 53, 2, "fin");
INSERT INTO "LanguageCode" ("active", "id_language", "id_code", "codename") values (1, 54, 2, "lit");
INSERT INTO "LanguageCode" ("active", "id_language", "id_code", "codename") values (1, 55, 2, "swe");
INSERT INTO "LanguageCode" ("active", "id_language", "id_code", "codename") values (1, 56, 2, "tur");
INSERT INTO "LanguageCode" ("active", "id_language", "id_code", "codename") values (1, 57, 2, "ukr");
INSERT INTO "LanguageCode" ("active", "id_language", "id_code", "codename") values (1, 58, 2, "hun");
INSERT INTO "LanguageCode" ("active", "id_language", "id_code", "codename") values (1, 59, 2, "rum");
INSERT INTO "LanguageCode" ("active", "id_language", "id_code", "codename") values (1, 60, 2, "ber");
INSERT INTO "LanguageCode" ("active", "id_language", "id_code", "codename") values (1, 61, 2, "mlt");
INSERT INTO "LanguageCode" ("active", "id_language", "id_code", "codename") values (1, 62, 2, "urd");
INSERT INTO "LanguageCode" ("active", "id_language", "id_code", "codename") values (1, 63, 2, "kur");
INSERT INTO "LanguageCode" ("active", "id_language", "id_code", "codename") values (1, 64, 2, "hin");
INSERT INTO "LanguageCode" ("active", "id_language", "id_code", "codename") values (1, 65, 2, "bul");
INSERT INTO "LanguageCode" ("active", "id_language", "id_code", "codename") values (1, 66, 2, "cze");
INSERT INTO "LanguageCode" ("active", "id_language", "id_code", "codename") values (1, 67, 2, "hrv");
INSERT INTO "LanguageCode" ("active", "id_language", "id_code", "codename") values (1, 68, 2, "tha");
INSERT INTO "LanguageCode" ("active", "id_language", "id_code", "codename") values (1, 69, 2, "ind");
INSERT INTO "LanguageCode" ("active", "id_language", "id_code", "codename") values (1, 70, 2, "gre");
INSERT INTO "LanguageCode" ("active", "id_language", "id_code", "codename") values (1, 71, 2, "vie");
INSERT INTO "LanguageCode" ("active", "id_language", "id_code", "codename") values (1, 72, 2, "fil");
INSERT INTO "LanguageCode" ("active", "id_language", "id_code", "codename") values (1, 76, 2, "srp");
INSERT INTO "LanguageCode" ("active", "id_language", "id_code", "codename") values (1, 78, 2, "arm");

INSERT INTO "LanguageCode" ("active", "id_language", "id_code", "codename") values (1, 8, 3, "eus");
INSERT INTO "LanguageCode" ("active", "id_language", "id_code", "codename") values (1, 10, 3, "fra");
INSERT INTO "LanguageCode" ("active", "id_language", "id_code", "codename") values (1, 11, 3, "deu");
INSERT INTO "LanguageCode" ("active", "id_language", "id_code", "codename") values (1, 25, 3, "zho");
INSERT INTO "LanguageCode" ("active", "id_language", "id_code", "codename") values (1, 29, 3, "fas");
INSERT INTO "LanguageCode" ("active", "id_language", "id_code", "codename") values (1, 30, 3, "msa");
INSERT INTO "LanguageCode" ("active", "id_language", "id_code", "codename") values (1, 35, 3, "cym");
INSERT INTO "LanguageCode" ("active", "id_language", "id_code", "codename") values (1, 36, 3, "sqi");
INSERT INTO "LanguageCode" ("active", "id_language", "id_code", "codename") values (1, 43, 3, "mri");
INSERT INTO "LanguageCode" ("active", "id_language", "id_code", "codename") values (1, 43, 3, "nld");
INSERT INTO "LanguageCode" ("active", "id_language", "id_code", "codename") values (1, 59, 3, "ron");
INSERT INTO "LanguageCode" ("active", "id_language", "id_code", "codename") values (1, 66, 3, "ces");
INSERT INTO "LanguageCode" ("active", "id_language", "id_code", "codename") values (1, 70, 3, "ell");
INSERT INTO "LanguageCode" ("active", "id_language", "id_code", "codename") values (1, 70, 3, "hye");



INSERT INTO "LanguageCode" ("active", "id_language", "id_code", "codename") values (1, 1, 4, "glg");
INSERT INTO "LanguageCode" ("active", "id_language", "id_code", "codename") values (1, 2, 4, "eng");
INSERT INTO "LanguageCode" ("active", "id_language", "id_code", "codename") values (1, 3, 4, "spa");
INSERT INTO "LanguageCode" ("active", "id_language", "id_code", "codename") values (1, 4, 4, "lat");
INSERT INTO "LanguageCode" ("active", "id_language", "id_code", "codename") values (1, 5, 4, "ita");
INSERT INTO "LanguageCode" ("active", "id_language", "id_code", "codename") values (1, 6, 4, "rus");
INSERT INTO "LanguageCode" ("active", "id_language", "id_code", "codename") values (1, 7, 4, "por");
INSERT INTO "LanguageCode" ("active", "id_language", "id_code", "codename") values (1, 8, 4, "eus");
INSERT INTO "LanguageCode" ("active", "id_language", "id_code", "codename") values (1, 9, 4, "cat");
INSERT INTO "LanguageCode" ("active", "id_language", "id_code", "codename") values (1, 10, 4, "fra");
INSERT INTO "LanguageCode" ("active", "id_language", "id_code", "codename") values (1, 11, 4, "deu");
INSERT INTO "LanguageCode" ("active", "id_language", "id_code", "codename") values (1, 12, 4, "arb");
INSERT INTO "LanguageCode" ("active", "id_language", "id_code", "codename") values (1, 13, 4, "epo");
INSERT INTO "LanguageCode" ("active", "id_language", "id_code", "codename") values (1, 14, 4, "zul");
INSERT INTO "LanguageCode" ("active", "id_language", "id_code", "codename") values (1, 15, 4, "xho");
INSERT INTO "LanguageCode" ("active", "id_language", "id_code", "codename") values (1, 16, 4, "afr");
INSERT INTO "LanguageCode" ("active", "id_language", "id_code", "codename") values (1, 17, 4, "nso");
INSERT INTO "LanguageCode" ("active", "id_language", "id_code", "codename") values (1, 18, 4, "tsn");
INSERT INTO "LanguageCode" ("active", "id_language", "id_code", "codename") values (1, 19, 4, "sot");
INSERT INTO "LanguageCode" ("active", "id_language", "id_code", "codename") values (1, 20, 4, "tso");
INSERT INTO "LanguageCode" ("active", "id_language", "id_code", "codename") values (1, 21, 4, "ssw");
INSERT INTO "LanguageCode" ("active", "id_language", "id_code", "codename") values (1, 22, 4, "ven");
INSERT INTO "LanguageCode" ("active", "id_language", "id_code", "codename") values (1, 23, 4, "gla");
INSERT INTO "LanguageCode" ("active", "id_language", "id_code", "codename") values (1, 24, 4, "jpn");
INSERT INTO "LanguageCode" ("active", "id_language", "id_code", "codename") values (1, 25, 4, "zho");
INSERT INTO "LanguageCode" ("active", "id_language", "id_code", "codename") values (1, 26, 4, "dan");
INSERT INTO "LanguageCode" ("active", "id_language", "id_code", "codename") values (1, 27, 4, "kaz");
INSERT INTO "LanguageCode" ("active", "id_language", "id_code", "codename") values (1, 28, 4, "uzb");
INSERT INTO "LanguageCode" ("active", "id_language", "id_code", "codename") values (1, 29, 4, "fas");
INSERT INTO "LanguageCode" ("active", "id_language", "id_code", "codename") values (1, 30, 4, "msa");
INSERT INTO "LanguageCode" ("active", "id_language", "id_code", "codename") values (1, 31, 4, "ltz");
INSERT INTO "LanguageCode" ("active", "id_language", "id_code", "codename") values (1, 32, 4, "pol");
INSERT INTO "LanguageCode" ("active", "id_language", "id_code", "codename") values (1, 33, 4, "gle");
INSERT INTO "LanguageCode" ("active", "id_language", "id_code", "codename") values (1, 34, 4, "sco");
INSERT INTO "LanguageCode" ("active", "id_language", "id_code", "codename") values (1, 35, 4, "cym");
INSERT INTO "LanguageCode" ("active", "id_language", "id_code", "codename") values (1, 36, 4, "sqi");
INSERT INTO "LanguageCode" ("active", "id_language", "id_code", "codename") values (1, 37, 4, "nor");
INSERT INTO "LanguageCode" ("active", "id_language", "id_code", "codename") values (1, 38, 4, "nob");
INSERT INTO "LanguageCode" ("active", "id_language", "id_code", "codename") values (1, 39, 4, "nno");
INSERT INTO "LanguageCode" ("active", "id_language", "id_code", "codename") values (1, 40, 4, "sme");
INSERT INTO "LanguageCode" ("active", "id_language", "id_code", "codename") values (1, 41, 4, "sma");
INSERT INTO "LanguageCode" ("active", "id_language", "id_code", "codename") values (1, 42, 4, "smj");
INSERT INTO "LanguageCode" ("active", "id_language", "id_code", "codename") values (1, 43, 4, "mri");
INSERT INTO "LanguageCode" ("active", "id_language", "id_code", "codename") values (1, 44, 4, "swh");
INSERT INTO "LanguageCode" ("active", "id_language", "id_code", "codename") values (1, 45, 4, "kor");
INSERT INTO "LanguageCode" ("active", "id_language", "id_code", "codename") values (1, 46, 4, "heb");
INSERT INTO "LanguageCode" ("active", "id_language", "id_code", "codename") values (1, 47, 4, "arn");
INSERT INTO "LanguageCode" ("active", "id_language", "id_code", "codename") values (1, 48, 4, "aym");
INSERT INTO "LanguageCode" ("active", "id_language", "id_code", "codename") values (1, 49, 4, "que");
INSERT INTO "LanguageCode" ("active", "id_language", "id_code", "codename") values (1, 50, 4, "rap");
INSERT INTO "LanguageCode" ("active", "id_language", "id_code", "codename") values (1, 51, 4, "dut");
INSERT INTO "LanguageCode" ("active", "id_language", "id_code", "codename") values (1, 52, 4, "est");
INSERT INTO "LanguageCode" ("active", "id_language", "id_code", "codename") values (1, 53, 4, "fin");
INSERT INTO "LanguageCode" ("active", "id_language", "id_code", "codename") values (1, 54, 4, "lit");
INSERT INTO "LanguageCode" ("active", "id_language", "id_code", "codename") values (1, 55, 4, "swe");
INSERT INTO "LanguageCode" ("active", "id_language", "id_code", "codename") values (1, 56, 4, "tur");
INSERT INTO "LanguageCode" ("active", "id_language", "id_code", "codename") values (1, 57, 4, "ukr");
INSERT INTO "LanguageCode" ("active", "id_language", "id_code", "codename") values (1, 58, 4, "hun");
INSERT INTO "LanguageCode" ("active", "id_language", "id_code", "codename") values (1, 59, 4, "ron");
INSERT INTO "LanguageCode" ("active", "id_language", "id_code", "codename") values (1, 60, 4, "ber");
INSERT INTO "LanguageCode" ("active", "id_language", "id_code", "codename") values (1, 61, 4, "mlt");
INSERT INTO "LanguageCode" ("active", "id_language", "id_code", "codename") values (1, 62, 4, "urd");
INSERT INTO "LanguageCode" ("active", "id_language", "id_code", "codename") values (1, 63, 4, "kur");
INSERT INTO "LanguageCode" ("active", "id_language", "id_code", "codename") values (1, 64, 4, "hin");
INSERT INTO "LanguageCode" ("active", "id_language", "id_code", "codename") values (1, 65, 4, "bul");
INSERT INTO "LanguageCode" ("active", "id_language", "id_code", "codename") values (1, 66, 4, "ces");
INSERT INTO "LanguageCode" ("active", "id_language", "id_code", "codename") values (1, 67, 4, "hrv");
INSERT INTO "LanguageCode" ("active", "id_language", "id_code", "codename") values (1, 69, 4, "tha");
INSERT INTO "LanguageCode" ("active", "id_language", "id_code", "codename") values (1, 69, 4, "ind");
INSERT INTO "LanguageCode" ("active", "id_language", "id_code", "codename") values (1, 70, 4, "ell");
INSERT INTO "LanguageCode" ("active", "id_language", "id_code", "codename") values (1, 71, 4, "vie");
INSERT INTO "LanguageCode" ("active", "id_language", "id_code", "codename") values (1, 72, 4, "fil");
INSERT INTO "LanguageCode" ("active", "id_language", "id_code", "codename") values (1, 73, 4, "cmn");
INSERT INTO "LanguageCode" ("active", "id_language", "id_code", "codename") values (1, 76, 4, "srp");
INSERT INTO "LanguageCode" ("active", "id_language", "id_code", "codename") values (1, 78, 4, "hye");


INSERT INTO "LanguageCode" ("active", "id_language", "id_code", "codename") values (1, 1, 6, "gali1258");
INSERT INTO "LanguageCode" ("active", "id_language", "id_code", "codename") values (1, 2, 6, "stan1293");
INSERT INTO "LanguageCode" ("active", "id_language", "id_code", "codename") values (1, 3, 6, "stan1288");
INSERT INTO "LanguageCode" ("active", "id_language", "id_code", "codename") values (1, 4, 6, "lati1261");
INSERT INTO "LanguageCode" ("active", "id_language", "id_code", "codename") values (1, 5, 6, "ital1282");
INSERT INTO "LanguageCode" ("active", "id_language", "id_code", "codename") values (1, 6, 6, "russ1263");
INSERT INTO "LanguageCode" ("active", "id_language", "id_code", "codename") values (1, 7, 6, "port1283");
INSERT INTO "LanguageCode" ("active", "id_language", "id_code", "codename") values (1, 8, 6, "basq1248");
INSERT INTO "LanguageCode" ("active", "id_language", "id_code", "codename") values (1, 9, 6, "stan1289");
INSERT INTO "LanguageCode" ("active", "id_language", "id_code", "codename") values (1, 10, 6, "stan1290");
INSERT INTO "LanguageCode" ("active", "id_language", "id_code", "codename") values (1, 11, 6, "stan1295");
INSERT INTO "LanguageCode" ("active", "id_language", "id_code", "codename") values (1, 12, 6, "stan1318");
INSERT INTO "LanguageCode" ("active", "id_language", "id_code", "codename") values (1, 13, 6, "espe1235");
INSERT INTO "LanguageCode" ("active", "id_language", "id_code", "codename") values (1, 14, 6, "zulu1248");
INSERT INTO "LanguageCode" ("active", "id_language", "id_code", "codename") values (1, 15, 6, "xhos1239");
INSERT INTO "LanguageCode" ("active", "id_language", "id_code", "codename") values (1, 16, 6, "afri1274");
INSERT INTO "LanguageCode" ("active", "id_language", "id_code", "codename") values (1, 17, 6, "pedi1238");
INSERT INTO "LanguageCode" ("active", "id_language", "id_code", "codename") values (1, 18, 6, "tswa1253");
INSERT INTO "LanguageCode" ("active", "id_language", "id_code", "codename") values (1, 19, 6, "sout2807");
INSERT INTO "LanguageCode" ("active", "id_language", "id_code", "codename") values (1, 20, 6, "tson1249");
INSERT INTO "LanguageCode" ("active", "id_language", "id_code", "codename") values (1, 21, 6, "swat1243");
INSERT INTO "LanguageCode" ("active", "id_language", "id_code", "codename") values (1, 22, 6, "vend1245");
INSERT INTO "LanguageCode" ("active", "id_language", "id_code", "codename") values (1, 23, 6, "scot1245");
INSERT INTO "LanguageCode" ("active", "id_language", "id_code", "codename") values (1, 24, 6, "nucl1643");
INSERT INTO "LanguageCode" ("active", "id_language", "id_code", "codename") values (1, 25, 6, "sini1245");
INSERT INTO "LanguageCode" ("active", "id_language", "id_code", "codename") values (1, 26, 6, "dani1285");
INSERT INTO "LanguageCode" ("active", "id_language", "id_code", "codename") values (1, 27, 6, "kaza1248");
INSERT INTO "LanguageCode" ("active", "id_language", "id_code", "codename") values (1, 28, 6, "uzbe1247");
INSERT INTO "LanguageCode" ("active", "id_language", "id_code", "codename") values (1, 29, 6, "fars1254");
INSERT INTO "LanguageCode" ("active", "id_language", "id_code", "codename") values (1, 30, 6, "indo1326");
INSERT INTO "LanguageCode" ("active", "id_language", "id_code", "codename") values (1, 31, 6, "luxe1241");
INSERT INTO "LanguageCode" ("active", "id_language", "id_code", "codename") values (1, 32, 6, "poli1260");
INSERT INTO "LanguageCode" ("active", "id_language", "id_code", "codename") values (1, 33, 6, "iris1253");
INSERT INTO "LanguageCode" ("active", "id_language", "id_code", "codename") values (1, 34, 6, "scot1243");
INSERT INTO "LanguageCode" ("active", "id_language", "id_code", "codename") values (1, 35, 6, "wels1247");
INSERT INTO "LanguageCode" ("active", "id_language", "id_code", "codename") values (1, 36, 6, "alba1267");
INSERT INTO "LanguageCode" ("active", "id_language", "id_code", "codename") values (1, 37, 6, "norw1258");
INSERT INTO "LanguageCode" ("active", "id_language", "id_code", "codename") values (1, 38, 6, "norw1259");
INSERT INTO "LanguageCode" ("active", "id_language", "id_code", "codename") values (1, 39, 6, "norw1262");
INSERT INTO "LanguageCode" ("active", "id_language", "id_code", "codename") values (1, 40, 6, "nort2671");
INSERT INTO "LanguageCode" ("active", "id_language", "id_code", "codename") values (1, 41, 6, "sout2674");
INSERT INTO "LanguageCode" ("active", "id_language", "id_code", "codename") values (1, 42, 6, "lule1254");
INSERT INTO "LanguageCode" ("active", "id_language", "id_code", "codename") values (1, 43, 6, "maor1246");
INSERT INTO "LanguageCode" ("active", "id_language", "id_code", "codename") values (1, 44, 6, "swah1253");
INSERT INTO "LanguageCode" ("active", "id_language", "id_code", "codename") values (1, 45, 6, "kore1280");
INSERT INTO "LanguageCode" ("active", "id_language", "id_code", "codename") values (1, 46, 6, "hebr1245");
INSERT INTO "LanguageCode" ("active", "id_language", "id_code", "codename") values (1, 47, 6, "mapu1245");
INSERT INTO "LanguageCode" ("active", "id_language", "id_code", "codename") values (1, 48, 6, "nucl1667");
INSERT INTO "LanguageCode" ("active", "id_language", "id_code", "codename") values (1, 49, 6, "quec1387");
INSERT INTO "LanguageCode" ("active", "id_language", "id_code", "codename") values (1, 50, 6, "rapa1244");
INSERT INTO "LanguageCode" ("active", "id_language", "id_code", "codename") values (1, 51, 6, "mode1257");
INSERT INTO "LanguageCode" ("active", "id_language", "id_code", "codename") values (1, 52, 6, "esto1258");
INSERT INTO "LanguageCode" ("active", "id_language", "id_code", "codename") values (1, 53, 6, "finn1318");
INSERT INTO "LanguageCode" ("active", "id_language", "id_code", "codename") values (1, 54, 6, "lith1251");
INSERT INTO "LanguageCode" ("active", "id_language", "id_code", "codename") values (1, 55, 6, "swed1254");
INSERT INTO "LanguageCode" ("active", "id_language", "id_code", "codename") values (1, 56, 6, "nucl1301");
INSERT INTO "LanguageCode" ("active", "id_language", "id_code", "codename") values (1, 57, 6, "ukra1253");
INSERT INTO "LanguageCode" ("active", "id_language", "id_code", "codename") values (1, 58, 6, "hung1274");
INSERT INTO "LanguageCode" ("active", "id_language", "id_code", "codename") values (1, 59, 6, "roma1327");
INSERT INTO "LanguageCode" ("active", "id_language", "id_code", "codename") values (1, 60, 6, "berb1260");
INSERT INTO "LanguageCode" ("active", "id_language", "id_code", "codename") values (1, 61, 6, "malt1254");
INSERT INTO "LanguageCode" ("active", "id_language", "id_code", "codename") values (1, 62, 6, "urdu1245");
INSERT INTO "LanguageCode" ("active", "id_language", "id_code", "codename") values (1, 63, 6, "kurd1259");
INSERT INTO "LanguageCode" ("active", "id_language", "id_code", "codename") values (1, 64, 6, "hind1269");
INSERT INTO "LanguageCode" ("active", "id_language", "id_code", "codename") values (1, 65, 6, "bulg1262");
INSERT INTO "LanguageCode" ("active", "id_language", "id_code", "codename") values (1, 66, 6, "czec1258");
INSERT INTO "LanguageCode" ("active", "id_language", "id_code", "codename") values (1, 67, 6, "croa1245");
INSERT INTO "LanguageCode" ("active", "id_language", "id_code", "codename") values (1, 68, 6, "thai1261");
INSERT INTO "LanguageCode" ("active", "id_language", "id_code", "codename") values (1, 69, 6, "indo1316");
INSERT INTO "LanguageCode" ("active", "id_language", "id_code", "codename") values (1, 70, 6, "mode1248");
INSERT INTO "LanguageCode" ("active", "id_language", "id_code", "codename") values (1, 71, 6, "viet1252");
INSERT INTO "LanguageCode" ("active", "id_language", "id_code", "codename") values (1, 72, 6, "fili1244");
INSERT INTO "LanguageCode" ("active", "id_language", "id_code", "codename") values (1, 73, 6, "mand1415");
INSERT INTO "LanguageCode" ("active", "id_language", "id_code", "codename") values (1, 76, 6, "serb1264");
INSERT INTO "LanguageCode" ("active", "id_language", "id_code", "codename") values (1, 78, 6, "arme1241");

INSERT INTO "LanguageCode" ("active", "id_language", "id_code", "codename") values (1, 43, 8, "mi-NZ");
INSERT INTO "LanguageCode" ("active", "id_language", "id_code", "codename") values (1, 66, 8, "cs");
INSERT INTO "LanguageCode" ("active", "id_language", "id_code", "codename") values (1, 73, 8, "cmn");
INSERT INTO "LanguageCode" ("active", "id_language", "id_code", "codename") values (1, 73, 8, "zh-cmn");
INSERT INTO "LanguageCode" ("active", "id_language", "id_code", "codename") values (1, 74, 8, "zh-Hant");
INSERT INTO "LanguageCode" ("active", "id_language", "id_code", "codename") values (1, 75, 8, "zh-Hans");
INSERT INTO "LanguageCode" ("active", "id_language", "id_code", "codename") values (1, 77, 8, "en-US");
INSERT INTO "LanguageCode" ("active", "id_language", "id_code", "codename") values (1, 78, 8, "hy");
INSERT INTO "LanguageCode" ("active", "id_language", "id_code", "codename") values (1, 82, 8, "es-419");
INSERT INTO "LanguageCode" ("active", "id_language", "id_code", "codename") values (1, 83, 8, "fr-CA");

INSERT INTO "LanguageCode" ("active", "id_language", "id_code", "codename") values (1, 1, 9, "51-AAA-ab");
INSERT INTO "LanguageCode" ("active", "id_language", "id_code", "codename") values (1, 2, 9, "52-ABA");
INSERT INTO "LanguageCode" ("active", "id_language", "id_code", "codename") values (1, 3, 9, "51-AAA-b");
INSERT INTO "LanguageCode" ("active", "id_language", "id_code", "codename") values (1, 4, 9, "51-AAB-aa<ac");
INSERT INTO "LanguageCode" ("active", "id_language", "id_code", "codename") values (1, 5, 9, "51-AAA-q");
INSERT INTO "LanguageCode" ("active", "id_language", "id_code", "codename") values (1, 6, 9, "53-AAA-eaa<eat");
INSERT INTO "LanguageCode" ("active", "id_language", "id_code", "codename") values (1, 7, 9, "51-AAA-a");
INSERT INTO "LanguageCode" ("active", "id_language", "id_code", "codename") values (1, 8, 9, "40-AAA-a");
INSERT INTO "LanguageCode" ("active", "id_language", "id_code", "codename") values (1, 9, 9, "51-AAA-e");
INSERT INTO "LanguageCode" ("active", "id_language", "id_code", "codename") values (1, 10, 9, "51-AAA-i");
INSERT INTO "LanguageCode" ("active", "id_language", "id_code", "codename") values (1, 11, 9, "52-ACB–dl");
INSERT INTO "LanguageCode" ("active", "id_language", "id_code", "codename") values (1, 12, 9, "12-AAC");
INSERT INTO "LanguageCode" ("active", "id_language", "id_code", "codename") values (1, 13, 9, "51-AAB-da");
INSERT INTO "LanguageCode" ("active", "id_language", "id_code", "codename") values (1, 14, 9, "99-AUT-fg");
INSERT INTO "LanguageCode" ("active", "id_language", "id_code", "codename") values (1, 15, 9, "99-AUT-fa");
INSERT INTO "LanguageCode" ("active", "id_language", "id_code", "codename") values (1, 16, 9, "52-ACB-ba");
INSERT INTO "LanguageCode" ("active", "id_language", "id_code", "codename") values (1, 17, 9, "99-AUT-ed");
INSERT INTO "LanguageCode" ("active", "id_language", "id_code", "codename") values (1, 18, 9, "99-AUT-eg");
INSERT INTO "LanguageCode" ("active", "id_language", "id_code", "codename") values (1, 19, 9, "99-AUT-ee");
INSERT INTO "LanguageCode" ("active", "id_language", "id_code", "codename") values (1, 20, 9, "99-AUT-dc");
INSERT INTO "LanguageCode" ("active", "id_language", "id_code", "codename") values (1, 21, 9, "99-AUT-fe");
INSERT INTO "LanguageCode" ("active", "id_language", "id_code", "codename") values (1, 22, 9, "99-AUT-b");
INSERT INTO "LanguageCode" ("active", "id_language", "id_code", "codename") values (1, 23, 9, "50-AAA");
INSERT INTO "LanguageCode" ("active", "id_language", "id_code", "codename") values (1, 24, 9, "45-CAA-a");
INSERT INTO "LanguageCode" ("active", "id_language", "id_code", "codename") values (1, 25, 9, "79-AAA");
INSERT INTO "LanguageCode" ("active", "id_language", "id_code", "codename") values (1, 26, 9, "52-AAA-bf/ca to cj");
INSERT INTO "LanguageCode" ("active", "id_language", "id_code", "codename") values (1, 27, 9, "44-AAB-cc");
INSERT INTO "LanguageCode" ("active", "id_language", "id_code", "codename") values (1, 28, 9, "44-AAB-da/db");
INSERT INTO "LanguageCode" ("active", "id_language", "id_code", "codename") values (1, 29, 9, "58-AAC");
INSERT INTO "LanguageCode" ("active", "id_language", "id_code", "codename") values (1, 30, 9, "31-MFA-a");
INSERT INTO "LanguageCode" ("active", "id_language", "id_code", "codename") values (1, 31, 9, "52-ACB-db");
INSERT INTO "LanguageCode" ("active", "id_language", "id_code", "codename") values (1, 32, 9, "53-AAA-cc");
INSERT INTO "LanguageCode" ("active", "id_language", "id_code", "codename") values (1, 33, 9, "50-AAA");
INSERT INTO "LanguageCode" ("active", "id_language", "id_code", "codename") values (1, 34, 9, "52-ABA-aa");
INSERT INTO "LanguageCode" ("active", "id_language", "id_code", "codename") values (1, 35, 9, "50-ABA");
INSERT INTO "LanguageCode" ("active", "id_language", "id_code", "codename") values (1, 36, 9, "55-AAA-aaa<ahe");
INSERT INTO "LanguageCode" ("active", "id_language", "id_code", "codename") values (1, 37, 9, "52-AAA-ba<be");
INSERT INTO "LanguageCode" ("active", "id_language", "id_code", "codename") values (1, 37, 9, "52-AAA-cf<cg");
INSERT INTO "LanguageCode" ("active", "id_language", "id_code", "codename") values (1, 38, 9, "52-AAA-ba<be");
INSERT INTO "LanguageCode" ("active", "id_language", "id_code", "codename") values (1, 38, 9, "52-AAA-cd<cg");
INSERT INTO "LanguageCode" ("active", "id_language", "id_code", "codename") values (1, 39, 9, "52-AAA-ba<be");
INSERT INTO "LanguageCode" ("active", "id_language", "id_code", "codename") values (1, 43, 9, "39-CAQ-a");
INSERT INTO "LanguageCode" ("active", "id_language", "id_code", "codename") values (1, 44, 9, "99-AUS-m");
INSERT INTO "LanguageCode" ("active", "id_language", "id_code", "codename") values (1, 45, 9, "45-AAA-a");
INSERT INTO "LanguageCode" ("active", "id_language", "id_code", "codename") values (1, 46, 9, "12-AAB-a");
INSERT INTO "LanguageCode" ("active", "id_language", "id_code", "codename") values (1, 51, 9, "52-ACB-a");
INSERT INTO "LanguageCode" ("active", "id_language", "id_code", "codename") values (1, 52, 9, "41-AAA-d");
INSERT INTO "LanguageCode" ("active", "id_language", "id_code", "codename") values (1, 53, 9, "41-AAA-a");
INSERT INTO "LanguageCode" ("active", "id_language", "id_code", "codename") values (1, 54, 9, "54-AAA-a");
INSERT INTO "LanguageCode" ("active", "id_language", "id_code", "codename") values (1, 55, 9, "52-AAA-ck<cw");
INSERT INTO "LanguageCode" ("active", "id_language", "id_code", "codename") values (1, 56, 9, "part of 44-AAB-a");
INSERT INTO "LanguageCode" ("active", "id_language", "id_code", "codename") values (1, 57, 9, "53-AAA-eda<edq");
INSERT INTO "LanguageCode" ("active", "id_language", "id_code", "codename") values (1, 58, 9, "41-BAA-a");
INSERT INTO "LanguageCode" ("active", "id_language", "id_code", "codename") values (1, 59, 9, "51-AAD-ca<ck");
INSERT INTO "LanguageCode" ("active", "id_language", "id_code", "codename") values (1, 61, 9, "12-AAC-c");
INSERT INTO "LanguageCode" ("active", "id_language", "id_code", "codename") values (1, 62, 9, "59-AAF-q");
INSERT INTO "LanguageCode" ("active", "id_language", "id_code", "codename") values (1, 63, 9, "58-AAA-a/b/c");
INSERT INTO "LanguageCode" ("active", "id_language", "id_code", "codename") values (1, 64, 9, "59-AAF-qf");
INSERT INTO "LanguageCode" ("active", "id_language", "id_code", "codename") values (1, 65, 9, "53-AAA-hb<h");
INSERT INTO "LanguageCode" ("active", "id_language", "id_code", "codename") values (1, 66, 9, "53-AAA-daa<53-AAA-b/dam");
INSERT INTO "LanguageCode" ("active", "id_language", "id_code", "codename") values (1, 67, 9, "part of 53-AAA-g");
INSERT INTO "LanguageCode" ("active", "id_language", "id_code", "codename") values (1, 69, 9, "47-AAA-b");
INSERT INTO "LanguageCode" ("active", "id_language", "id_code", "codename") values (1, 69, 9, "31-MFA-ac");
INSERT INTO "LanguageCode" ("active", "id_language", "id_code", "codename") values (1, 70, 9, "part of 56-AAA-a");
INSERT INTO "LanguageCode" ("active", "id_language", "id_code", "codename") values (1, 71, 9, "46-EBA");
INSERT INTO "LanguageCode" ("active", "id_language", "id_code", "codename") values (1, 72, 9, "31-CKA-aa");
INSERT INTO "LanguageCode" ("active", "id_language", "id_code", "codename") values (1, 73, 9, "79-AAA-b");
INSERT INTO "LanguageCode" ("active", "id_language", "id_code", "codename") values (1, 76, 9, "part of 53-AAA-g");
INSERT INTO "LanguageCode" ("active", "id_language", "id_code", "codename") values (1, 78, 9, "57-AAA-a");


INSERT INTO "LanguageCode" ("active", "id_language", "id_code", "codename") values (1, 13, 10, "epo");
INSERT INTO "LanguageCode" ("active", "id_language", "id_code", "codename") values (1, 45, 10, "kor");
INSERT INTO "LanguageCode" ("active", "id_language", "id_code", "codename") values (1, 64, 10, "hin-hin");


INSERT INTO "LanguageCode" ("active", "id_language", "id_code", "codename") values (1, 14, 11, "S.42");
INSERT INTO "LanguageCode" ("active", "id_language", "id_code", "codename") values (1, 15, 11, "S.41");
INSERT INTO "LanguageCode" ("active", "id_language", "id_code", "codename") values (1, 17, 11, "S.32,301–304");
INSERT INTO "LanguageCode" ("active", "id_language", "id_code", "codename") values (1, 19, 11, "S.33");
INSERT INTO "LanguageCode" ("active", "id_language", "id_code", "codename") values (1, 20, 11, "S.53 (S.52)");
INSERT INTO "LanguageCode" ("active", "id_language", "id_code", "codename") values (1, 21, 11, "S.43");
INSERT INTO "LanguageCode" ("active", "id_language", "id_code", "codename") values (1, 22, 11, "S.20 (S.21)");
INSERT INTO "LanguageCode" ("active", "id_language", "id_code", "codename") values (1, 44, 11, "G.42–43");
INSERT INTO "LanguageCode" ("active", "id_language", "id_code", "codename") values (1, 44, 11, "G.40.A–H");


INSERT INTO "LanguageCode" ("active", "id_language", "id_code", "codename") values (1, 1, 12, "gl");
INSERT INTO "LanguageCode" ("active", "id_language", "id_code", "codename") values (1, 1, 12, "glg");
INSERT INTO "LanguageCode" ("active", "id_language", "id_code", "codename") values (1, 2, 12, "en");
INSERT INTO "LanguageCode" ("active", "id_language", "id_code", "codename") values (1, 2, 12, "eng");
INSERT INTO "LanguageCode" ("active", "id_language", "id_code", "codename") values (1, 3, 12, "es");
INSERT INTO "LanguageCode" ("active", "id_language", "id_code", "codename") values (1, 3, 12, "spa");
INSERT INTO "LanguageCode" ("active", "id_language", "id_code", "codename") values (1, 4, 12, "la");
INSERT INTO "LanguageCode" ("active", "id_language", "id_code", "codename") values (1, 4, 12, "lat");
INSERT INTO "LanguageCode" ("active", "id_language", "id_code", "codename") values (1, 5, 12, "it");
INSERT INTO "LanguageCode" ("active", "id_language", "id_code", "codename") values (1, 5, 12, "ita");
INSERT INTO "LanguageCode" ("active", "id_language", "id_code", "codename") values (1, 6, 12, "ru");
INSERT INTO "LanguageCode" ("active", "id_language", "id_code", "codename") values (1, 6, 12, "rus");
INSERT INTO "LanguageCode" ("active", "id_language", "id_code", "codename") values (1, 7, 12, "pt");
INSERT INTO "LanguageCode" ("active", "id_language", "id_code", "codename") values (1, 7, 12, "por");
INSERT INTO "LanguageCode" ("active", "id_language", "id_code", "codename") values (1, 8, 12, "eu");
INSERT INTO "LanguageCode" ("active", "id_language", "id_code", "codename") values (1, 8, 12, "eus");
INSERT INTO "LanguageCode" ("active", "id_language", "id_code", "codename") values (1, 9, 12, "ca");
INSERT INTO "LanguageCode" ("active", "id_language", "id_code", "codename") values (1, 9, 12, "cat");
INSERT INTO "LanguageCode" ("active", "id_language", "id_code", "codename") values (1, 10, 12, "fr");
INSERT INTO "LanguageCode" ("active", "id_language", "id_code", "codename") values (1, 10, 12, "fra");
INSERT INTO "LanguageCode" ("active", "id_language", "id_code", "codename") values (1, 11, 12, "de");
INSERT INTO "LanguageCode" ("active", "id_language", "id_code", "codename") values (1, 11, 12, "deu");
INSERT INTO "LanguageCode" ("active", "id_language", "id_code", "codename") values (1, 12, 12, "ar");
INSERT INTO "LanguageCode" ("active", "id_language", "id_code", "codename") values (1, 12, 12, "arb");
INSERT INTO "LanguageCode" ("active", "id_language", "id_code", "codename") values (1, 13, 12, "eo");
INSERT INTO "LanguageCode" ("active", "id_language", "id_code", "codename") values (1, 13, 12, "epo");
INSERT INTO "LanguageCode" ("active", "id_language", "id_code", "codename") values (1, 14, 12, "zu");
INSERT INTO "LanguageCode" ("active", "id_language", "id_code", "codename") values (1, 14, 12, "zul");
INSERT INTO "LanguageCode" ("active", "id_language", "id_code", "codename") values (1, 15, 12, "xh");
INSERT INTO "LanguageCode" ("active", "id_language", "id_code", "codename") values (1, 15, 12, "xho");
INSERT INTO "LanguageCode" ("active", "id_language", "id_code", "codename") values (1, 16, 12, "af");
INSERT INTO "LanguageCode" ("active", "id_language", "id_code", "codename") values (1, 16, 12, "afr");
INSERT INTO "LanguageCode" ("active", "id_language", "id_code", "codename") values (1, 17, 12, "nso");
INSERT INTO "LanguageCode" ("active", "id_language", "id_code", "codename") values (1, 18, 12, "tn");
INSERT INTO "LanguageCode" ("active", "id_language", "id_code", "codename") values (1, 18, 12, "tsn");
INSERT INTO "LanguageCode" ("active", "id_language", "id_code", "codename") values (1, 19, 12, "st");
INSERT INTO "LanguageCode" ("active", "id_language", "id_code", "codename") values (1, 19, 12, "sot");
INSERT INTO "LanguageCode" ("active", "id_language", "id_code", "codename") values (1, 20, 12, "ts");
INSERT INTO "LanguageCode" ("active", "id_language", "id_code", "codename") values (1, 20, 12, "tso");
INSERT INTO "LanguageCode" ("active", "id_language", "id_code", "codename") values (1, 21, 12, "ss");
INSERT INTO "LanguageCode" ("active", "id_language", "id_code", "codename") values (1, 21, 12, "ssw");
INSERT INTO "LanguageCode" ("active", "id_language", "id_code", "codename") values (1, 22, 12, "ve");
INSERT INTO "LanguageCode" ("active", "id_language", "id_code", "codename") values (1, 22, 12, "ven");
INSERT INTO "LanguageCode" ("active", "id_language", "id_code", "codename") values (1, 23, 12, "gd");
INSERT INTO "LanguageCode" ("active", "id_language", "id_code", "codename") values (1, 23, 12, "gla");
INSERT INTO "LanguageCode" ("active", "id_language", "id_code", "codename") values (1, 24, 12, "ja");
INSERT INTO "LanguageCode" ("active", "id_language", "id_code", "codename") values (1, 24, 12, "jpn");
INSERT INTO "LanguageCode" ("active", "id_language", "id_code", "codename") values (1, 25, 12, "zh");
INSERT INTO "LanguageCode" ("active", "id_language", "id_code", "codename") values (1, 25, 12, "zho");
INSERT INTO "LanguageCode" ("active", "id_language", "id_code", "codename") values (1, 26, 12, "da");
INSERT INTO "LanguageCode" ("active", "id_language", "id_code", "codename") values (1, 26, 12, "dan");
INSERT INTO "LanguageCode" ("active", "id_language", "id_code", "codename") values (1, 27, 12, "kk");
INSERT INTO "LanguageCode" ("active", "id_language", "id_code", "codename") values (1, 27, 12, "kaz");
INSERT INTO "LanguageCode" ("active", "id_language", "id_code", "codename") values (1, 28, 12, "uz");
INSERT INTO "LanguageCode" ("active", "id_language", "id_code", "codename") values (1, 28, 12, "uzb");
INSERT INTO "LanguageCode" ("active", "id_language", "id_code", "codename") values (1, 29, 12, "fa");
INSERT INTO "LanguageCode" ("active", "id_language", "id_code", "codename") values (1, 29, 12, "fas");
INSERT INTO "LanguageCode" ("active", "id_language", "id_code", "codename") values (1, 30, 12, "ms");
INSERT INTO "LanguageCode" ("active", "id_language", "id_code", "codename") values (1, 30, 12, "msa");
INSERT INTO "LanguageCode" ("active", "id_language", "id_code", "codename") values (1, 31, 12, "lb");
INSERT INTO "LanguageCode" ("active", "id_language", "id_code", "codename") values (1, 31, 12, "ltz");
INSERT INTO "LanguageCode" ("active", "id_language", "id_code", "codename") values (1, 32, 12, "pl");
INSERT INTO "LanguageCode" ("active", "id_language", "id_code", "codename") values (1, 32, 12, "pol");
INSERT INTO "LanguageCode" ("active", "id_language", "id_code", "codename") values (1, 33, 12, "ga");
INSERT INTO "LanguageCode" ("active", "id_language", "id_code", "codename") values (1, 33, 12, "gle");
INSERT INTO "LanguageCode" ("active", "id_language", "id_code", "codename") values (1, 34, 12, "sco");
INSERT INTO "LanguageCode" ("active", "id_language", "id_code", "codename") values (1, 35, 12, "cy");
INSERT INTO "LanguageCode" ("active", "id_language", "id_code", "codename") values (1, 35, 12, "cym");
INSERT INTO "LanguageCode" ("active", "id_language", "id_code", "codename") values (1, 36, 12, "sq");
INSERT INTO "LanguageCode" ("active", "id_language", "id_code", "codename") values (1, 36, 12, "sqi");
INSERT INTO "LanguageCode" ("active", "id_language", "id_code", "codename") values (1, 37, 12, "no");
INSERT INTO "LanguageCode" ("active", "id_language", "id_code", "codename") values (1, 37, 12, "nor");
INSERT INTO "LanguageCode" ("active", "id_language", "id_code", "codename") values (1, 38, 12, "nb");
INSERT INTO "LanguageCode" ("active", "id_language", "id_code", "codename") values (1, 38, 12, "nob");
INSERT INTO "LanguageCode" ("active", "id_language", "id_code", "codename") values (1, 39, 12, "nn");
INSERT INTO "LanguageCode" ("active", "id_language", "id_code", "codename") values (1, 39, 12, "nno");
INSERT INTO "LanguageCode" ("active", "id_language", "id_code", "codename") values (1, 40, 12, "se");
INSERT INTO "LanguageCode" ("active", "id_language", "id_code", "codename") values (1, 40, 12, "sme");
INSERT INTO "LanguageCode" ("active", "id_language", "id_code", "codename") values (1, 41, 12, "sma");
INSERT INTO "LanguageCode" ("active", "id_language", "id_code", "codename") values (1, 42, 12, "smj");
INSERT INTO "LanguageCode" ("active", "id_language", "id_code", "codename") values (1, 43, 12, "mi");
INSERT INTO "LanguageCode" ("active", "id_language", "id_code", "codename") values (1, 43, 12, "mri");
INSERT INTO "LanguageCode" ("active", "id_language", "id_code", "codename") values (1, 44, 12, "sw");
INSERT INTO "LanguageCode" ("active", "id_language", "id_code", "codename") values (1, 44, 12, "swh");
INSERT INTO "LanguageCode" ("active", "id_language", "id_code", "codename") values (1, 45, 12, "ko");
INSERT INTO "LanguageCode" ("active", "id_language", "id_code", "codename") values (1, 45, 12, "kor");
INSERT INTO "LanguageCode" ("active", "id_language", "id_code", "codename") values (1, 46, 12, "he");
INSERT INTO "LanguageCode" ("active", "id_language", "id_code", "codename") values (1, 46, 12, "heb");
INSERT INTO "LanguageCode" ("active", "id_language", "id_code", "codename") values (1, 47, 12, "arn");
INSERT INTO "LanguageCode" ("active", "id_language", "id_code", "codename") values (1, 48, 12, "ay");
INSERT INTO "LanguageCode" ("active", "id_language", "id_code", "codename") values (1, 48, 12, "aym");
INSERT INTO "LanguageCode" ("active", "id_language", "id_code", "codename") values (1, 49, 12, "qu");
INSERT INTO "LanguageCode" ("active", "id_language", "id_code", "codename") values (1, 49, 12, "que");
INSERT INTO "LanguageCode" ("active", "id_language", "id_code", "codename") values (1, 50, 12, "rap");
INSERT INTO "LanguageCode" ("active", "id_language", "id_code", "codename") values (1, 51, 12, "nl");
INSERT INTO "LanguageCode" ("active", "id_language", "id_code", "codename") values (1, 51, 12, "dut");
INSERT INTO "LanguageCode" ("active", "id_language", "id_code", "codename") values (1, 52, 12, "et");
INSERT INTO "LanguageCode" ("active", "id_language", "id_code", "codename") values (1, 52, 12, "est");
INSERT INTO "LanguageCode" ("active", "id_language", "id_code", "codename") values (1, 53, 12, "fi");
INSERT INTO "LanguageCode" ("active", "id_language", "id_code", "codename") values (1, 53, 12, "fin");
INSERT INTO "LanguageCode" ("active", "id_language", "id_code", "codename") values (1, 54, 12, "lt");
INSERT INTO "LanguageCode" ("active", "id_language", "id_code", "codename") values (1, 54, 12, "lit");
INSERT INTO "LanguageCode" ("active", "id_language", "id_code", "codename") values (1, 55, 12, "sv");
INSERT INTO "LanguageCode" ("active", "id_language", "id_code", "codename") values (1, 55, 12, "swe");
INSERT INTO "LanguageCode" ("active", "id_language", "id_code", "codename") values (1, 56, 12, "tr");
INSERT INTO "LanguageCode" ("active", "id_language", "id_code", "codename") values (1, 56, 12, "tur");
INSERT INTO "LanguageCode" ("active", "id_language", "id_code", "codename") values (1, 57, 12, "uk");
INSERT INTO "LanguageCode" ("active", "id_language", "id_code", "codename") values (1, 57, 12, "ukr");
INSERT INTO "LanguageCode" ("active", "id_language", "id_code", "codename") values (1, 58, 12, "hu");
INSERT INTO "LanguageCode" ("active", "id_language", "id_code", "codename") values (1, 58, 12, "hun");
INSERT INTO "LanguageCode" ("active", "id_language", "id_code", "codename") values (1, 59, 12, "ro");
INSERT INTO "LanguageCode" ("active", "id_language", "id_code", "codename") values (1, 59, 12, "ron");
INSERT INTO "LanguageCode" ("active", "id_language", "id_code", "codename") values (1, 60, 12, "ber");
INSERT INTO "LanguageCode" ("active", "id_language", "id_code", "codename") values (1, 61, 12, "mt");
INSERT INTO "LanguageCode" ("active", "id_language", "id_code", "codename") values (1, 62, 12, "ur");
INSERT INTO "LanguageCode" ("active", "id_language", "id_code", "codename") values (1, 62, 12, "urd");
INSERT INTO "LanguageCode" ("active", "id_language", "id_code", "codename") values (1, 61, 12, "mlt");
INSERT INTO "LanguageCode" ("active", "id_language", "id_code", "codename") values (1, 63, 12, "ku");
INSERT INTO "LanguageCode" ("active", "id_language", "id_code", "codename") values (1, 63, 12, "kur");
INSERT INTO "LanguageCode" ("active", "id_language", "id_code", "codename") values (1, 64, 12, "hi");
INSERT INTO "LanguageCode" ("active", "id_language", "id_code", "codename") values (1, 64, 12, "hin");
INSERT INTO "LanguageCode" ("active", "id_language", "id_code", "codename") values (1, 65, 12, "bg");
INSERT INTO "LanguageCode" ("active", "id_language", "id_code", "codename") values (1, 65, 12, "bul");
INSERT INTO "LanguageCode" ("active", "id_language", "id_code", "codename") values (1, 66, 12, "cs");
INSERT INTO "LanguageCode" ("active", "id_language", "id_code", "codename") values (1, 66, 12, "ces");
INSERT INTO "LanguageCode" ("active", "id_language", "id_code", "codename") values (1, 67, 12, "hr");
INSERT INTO "LanguageCode" ("active", "id_language", "id_code", "codename") values (1, 67, 12, "hrv");
INSERT INTO "LanguageCode" ("active", "id_language", "id_code", "codename") values (1, 68, 12, "th");
INSERT INTO "LanguageCode" ("active", "id_language", "id_code", "codename") values (1, 68, 12, "tha");
INSERT INTO "LanguageCode" ("active", "id_language", "id_code", "codename") values (1, 69, 12, "id");
INSERT INTO "LanguageCode" ("active", "id_language", "id_code", "codename") values (1, 69, 12, "ind");
INSERT INTO "LanguageCode" ("active", "id_language", "id_code", "codename") values (1, 70, 12, "el");
INSERT INTO "LanguageCode" ("active", "id_language", "id_code", "codename") values (1, 70, 12, "ell");
INSERT INTO "LanguageCode" ("active", "id_language", "id_code", "codename") values (1, 71, 12, "vi");
INSERT INTO "LanguageCode" ("active", "id_language", "id_code", "codename") values (1, 71, 12, "vie");
INSERT INTO "LanguageCode" ("active", "id_language", "id_code", "codename") values (1, 72, 12, "fil");
INSERT INTO "LanguageCode" ("active", "id_language", "id_code", "codename") values (1, 73, 12, "cmn");
INSERT INTO "LanguageCode" ("active", "id_language", "id_code", "codename") values (1, 73, 12, "zh-cmn");
INSERT INTO "LanguageCode" ("active", "id_language", "id_code", "codename") values (1, 74, 12, "zh-Hant");
INSERT INTO "LanguageCode" ("active", "id_language", "id_code", "codename") values (1, 75, 12, "zh-Hans");
INSERT INTO "LanguageCode" ("active", "id_language", "id_code", "codename") values (1, 76, 12, "sr");
INSERT INTO "LanguageCode" ("active", "id_language", "id_code", "codename") values (1, 76, 12, "srp");
INSERT INTO "LanguageCode" ("active", "id_language", "id_code", "codename") values (1, 77, 12, "en-US");
INSERT INTO "LanguageCode" ("active", "id_language", "id_code", "codename") values (1, 78, 12, "hy");
INSERT INTO "LanguageCode" ("active", "id_language", "id_code", "codename") values (1, 78, 12, "hye");
INSERT INTO "LanguageCode" ("active", "id_language", "id_code", "codename") values (1, 79, 12, "hy-Latn-IT-arevela");
INSERT INTO "LanguageCode" ("active", "id_language", "id_code", "codename") values (1, 80, 12, "zh-cmn-Hant");
INSERT INTO "LanguageCode" ("active", "id_language", "id_code", "codename") values (1, 80, 12, "cmn-Hant");
INSERT INTO "LanguageCode" ("active", "id_language", "id_code", "codename") values (1, 81, 12, "zh-cmn-Hans");
INSERT INTO "LanguageCode" ("active", "id_language", "id_code", "codename") values (1, 81, 12, "cmn-Hans");
INSERT INTO "LanguageCode" ("active", "id_language", "id_code", "codename") values (1, 82, 12, "es-419");
INSERT INTO "LanguageCode" ("active", "id_language", "id_code", "codename") values (1, 83, 12, "fr-CA");



COMMIT;